a_emp_age,a_RLH2_habit_weight_AgeOutliersExcluded,b_RLH2_habit_weight,b_gender
18.726747946611912,0.9998324523527636,0.9998324523527636,Female
15.928833751616091,0.2752607821546229,0.2752607821546229,Female
21.672473128501533,0.9999999997248148,0.9999999997248148,Female
15.390656640555683,0.9999828529238364,0.9999828529238364,Male
50.34144957157705,0.9993175813182096,0.9993175813182096,Female
54.676151735239685,0.9999999997420264,0.9999999997420264,Female
26.493054890105714,0.3354484216823879,0.3354484216823879,Female
47.002856110730846,0.9886785507572012,0.9886785507572012,Female
43.14113852130707,0.9751972024424624,0.9751972024424624,Female
20.117316494283468,0.999999992918556,0.999999992918556,Female
50.638476721930694,0.9999056553528376,0.9999056553528376,Female
66.40433499378913,0.9548340703202696,0.9548340703202696,Male
49.91769465992345,0.9999836474287566,0.9999836474287566,Female
46.58858275027252,0.999602037987428,0.999602037987428,Female
30.892859406291986,0.9999976026265264,0.9999976026265264,Female
31.495418441199586,0.9999945880573092,0.9999945880573092,Male
60.35843169315791,0.6083564938628233,0.6083564938628233,Female
62.738902958399876,0.999999997131244,0.999999997131244,Male
32.00832065809821,0.6400102296605288,0.6400102296605288,Female
18.15688290617791,0.99983277859745,0.99983277859745,Male
47.934185521078916,0.9999070935898688,0.9999070935898688,Female
52.404911875427786,0.9999916387920956,0.9999916387920956,Female
24.310965377595256,0.7908401986768674,0.7908401986768674,Female
67.30404571323548,0.9999999999181548,0.9999999999181548,Male
50.60879122620225,0.9417978416864712,0.9417978416864712,Male
18.61207471417345,0.999973935475319,0.999973935475319,Male
42.01979440768626,0.999760928566372,0.999760928566372,Female
33.78583466423302,0.9445385758958846,0.9445385758958846,Female
50.25502148452354,0.7775330716821517,0.7775330716821517,Male
39.910729523157656,0.9999513723424376,0.9999513723424376,Male
36.77170890688772,0.9999516407544362,0.9999516407544362,Female
18.83232093061576,0.9999999943366678,0.9999999943366678,Female
41.49618275787766,0.8014666113011383,0.9999604813709404,Female
60.297960839861084,0.5231295614306286,0.8014666113011383,Male
27.36663006692524,0.9999999978127008,0.6044880564172372,Male
35.974769405784976,0.9992736448413172,0.5231295614306286,Male
46.078813597992244,0.29302386632686833,0.9999999978127008,Female
31.64867401196542,0.482355214241294,0.9992736448413172,Male
41.99537163789388,0.9999006627020096,0.29302386632686833,Male
55.81760837326032,0.7443577007171281,0.482355214241294,Male
35.09039461175755,0.9999799358027556,0.9999006627020096,Female
32.099595406494785,0.7805358958781554,0.7443577007171281,Female
34.448802887418566,0.6671896846711485,0.9999799358027556,Female
17.994426762491443,0.9999880948635708,0.7805358958781554,Female
20.533497952949528,0.9998618962687404,0.6671896846711485,Female
40.81381432681826,0.9999976126510014,0.9999880948635708,Female
46.83510292290922,0.6172485849791176,0.9998618962687404,Female
67.50614352802494,0.9999999764246772,0.9999976126510014,Female
23.535774425178086,0.9826572066138078,0.6172485849791176,Male
21.957135048292646,0.06602389167686595,0.9999999764246772,Female
44.61176676933607,0.9950320908475014,0.9826572066138078,Male
21.10193918422187,0.1421337089926215,0.06602389167686595,Male
43.308950110274544,0.33237260238578376,0.9950320908475014,Female
50.315468635130685,0.9994765106454616,0.1421337089926215,Male
23.995747965624762,0.9999958010925212,0.33237260238578376,Male
39.053445952797425,0.9998791889807376,0.9994765106454616,Male
61.416415253377956,0.9944736331273388,0.9999958010925212,Male
21.738122829365985,0.7777704208800872,0.9998791889807376,Male
43.26913599259766,0.9998664415302164,0.9944736331273388,Female
40.67835275813116,0.13565490077825015,0.7777704208800872,Female
63.78925013308997,0.9999758939699408,0.9998664415302164,Female
40.33928609906964,0.9545190121642484,0.13565490077825015,Male
16.819877874109565,0.9337167212639604,0.9999758939699408,Male
22.5255034286511,0.25485976852589587,0.9545190121642484,Female
51.96880485208001,0.999347484380901,0.9337167212639604,Female
52.26923619033133,3.7294099963886573e-8,0.25485976852589587,Female
20.371550308008214,0.999716999063478,0.999347484380901,Male
51.65109514031485,0.5863177067985084,3.7294099963886573e-8,Female
34.59286216315562,0.29990514786190947,0.999716999063478,Female
40.57337288006693,0.999902934346294,0.9986239791386968,Male
35.36182761046467,0.7516330759103563,0.5863177067985084,Female
39.673394934976045,0.9997360035359534,0.29990514786190947,Male
21.525045187213223,0.7094287789444473,0.999902934346294,Female
18.268835906406064,0.2796155607548009,0.7516330759103563,Female
43.65054246837529,0.999985836066166,0.9997360035359534,Male
48.22604317185084,0.999931112177572,0.7094287789444473,Female
41.83963511166882,0.9943766511204336,0.2796155607548009,Female
19.232766179937638,0.9996038397227448,0.999985836066166,Female
65.95343140796513,0.9999597660371676,0.999931112177572,Female
67.73847751413288,0.999848005861159,0.9943766511204336,Female
43.36756689355338,0.7160247866303137,0.9996038397227448,Female
19.991792816944255,0.9999922094795972,0.9999597660371676,Male
39.91886509113494,0.14349560050375987,0.999848005861159,Female
65.41157584860699,0.36158901103756613,0.7160247866303137,Female
51.940940217253534,0.4859846092322156,0.9999922094795972,Female
22.424285655436407,0.4296804291047238,0.14349560050375987,Female
28.82870652394352,0.16027144853755157,0.36158901103756613,Female
36.0093210510305,0.3534879248222308,0.4859846092322156,Male
26.73571611909651,5.635893033845128e-10,0.4296804291047238,Female
30.977961473622837,0.9999829844365788,0.16027144853755157,Male
67.49561554110579,0.9999211790012144,0.3534879248222308,Female
21.53817362537075,0.9999086534094344,5.635893033845128e-10,Female
33.053516110223846,0.99949896634984,0.9999829844365788,Male
55.108694324029706,0.9999627933090384,0.9999211790012144,Female
35.268841261692906,0.03802234287243133,0.9999086534094344,Female
21.51431230511826,0.9961500698867096,0.99949896634984,Female
66.92284216797222,0.8454211009739261,0.9999627933090384,Female
34.81906938423708,0.9999959697873796,0.03802234287243133,Female
53.94853163738687,0.9476843064143652,0.9961500698867096,Female
35.85050913250691,0.9996951408356778,0.8454211009739261,Male
18.967100413212666,0.9999933758072184,0.9999959697873796,Female
39.841197619590844,0.10685993849277958,0.9476843064143652,Male
30.21888768474155,0.11455653700131946,0.9996951408356778,Female
49.357993415215354,0.9674662096365316,0.9999933758072184,Female
53.42509810631987,0.97960575396329,0.10685993849277958,Female
55.293455300783336,0.7682755904724651,0.11455653700131946,Male
29.58343400638832,0.5176805942605949,0.9674662096365316,Female
35.86191009455725,0.9998427165481152,0.97960575396329,Female
61.83685958374528,0.9999829619009424,0.7682755904724651,Female
17.715254867290287,0.9463249672213638,0.5176805942605949,Female
59.81784736481862,0.9999986882555632,0.9998427165481152,Male
42.464397355945955,0.9999891386394264,0.9999829619009424,Female
20.88126029862854,0.7907430587905873,0.9463249672213638,Female
28.943975238928182,0.9999384199282751,0.9999986882555632,Male
21.24999942961442,0.29289160292082894,0.9999891386394264,Female
19.27096281086014,0.4004245952114835,0.7907430587905873,Female
57.608557051233305,0.9988954484785334,0.9999384199282751,Male
37.84130501052044,0.65012327972229,0.29289160292082894,Female
23.864204850812484,0.998443025007762,0.4004245952114835,Male
33.35141113392653,0.999997187026566,0.9988954484785334,Female
24.74599389687429,0.7925638932067196,0.65012327972229,Female
42.36335548330671,0.9999729771705148,0.998443025007762,Female
21.371863956701397,0.999982381184773,0.999997187026566,Male
31.774426445610565,0.9997243001525103,0.7925638932067196,Female
26.465152609830913,0.998993802347858,0.9999729771705148,Female
36.92127607929627,0.9999666170847256,0.999982381184773,Female
20.59678068040662,0.24655672788867625,0.9997243001525103,Male
22.1069739460542,0.8607850234427183,0.998993802347858,Male
48.42898632975892,0.03717671846713004,0.9999666170847256,Female
27.87350831495424,0.9726621895728342,0.24655672788867625,Female
33.38511870357695,0.2760367385180121,0.8607850234427183,Male
49.639902115496746,0.6680556289699677,0.03717671846713004,Female
23.577412667629982,0.7506409107173551,0.9726621895728342,Female
73.66643065378862,0.998542597884106,0.2760367385180121,Female
45.33253748700788,0.798177418307978,0.6680556289699677,Female
33.25922706416204,0.12128717199472212,0.7506409107173551,Female
19.093309408827036,0.8639047369440478,0.998542597884106,Male
21.18421907876391,0.78595846438546,0.798177418307978,Female
45.69130130301417,0.9995106643250188,0.12128717199472212,Male
21.887857980328036,0.9996611520564356,0.8639047369440478,Female
48.39304430628438,0.824095066211454,0.78595846438546,Female
27.0812877088245,0.5533252712935541,0.9995106643250188,Female
69.13560701701017,0.495220439049089,0.9996611520564356,Female
24.03415662154283,0.9999981688712176,0.824095066211454,Male
40.18234875275686,0.9942149149735112,0.5533252712935541,Female
36.37073563895861,0.3028467706122686,0.495220439049089,Male
42.776946504170155,0.9911234815180252,0.9999981688712176,Female
28.8560635472913,0.7964221375190613,0.9942149149735112,Female
53.2838482964484,0.9853018561653404,0.3028467706122686,Female
19.270700084924076,0.999964102271585,0.9911234815180252,Female
36.22700667984891,0.7239742805070972,0.7964221375190613,Male
26.492967811240398,0.9998479106951146,0.9853018561653404,Male
53.02735949501863,0.26531849380492767,0.999964102271585,Male
30.49183388470606,0.33422805033926556,0.7239742805070972,Female
34.52286032524653,0.997777411224518,0.9998479106951146,Male
58.25504797576495,0.986621951156729,0.26531849380492767,Female
35.45437102314498,0.9999389707394232,0.33422805033926556,Male
36.22400455040941,0.9998424780860986,0.997777411224518,Female
48.94677963469973,0.9081126492701096,0.986621951156729,Female
27.194323807894136,0.01425228870416413,0.9999389707394232,Female
27.357651373995488,0.7914689752818556,0.9998424780860986,Female
33.79489302101554,0.9998506984928308,0.9081126492701096,Female
16.08201206682384,0.999984792185364,0.01425228870416413,Female
50.339018588232314,0.9996973210739336,0.7914689752818556,Female
42.41858791543083,0.95453673498845,0.9998506984928308,Male
54.54449685654169,0.965237465817674,0.999984792185364,Male
19.391062343143965,0.35843147039844075,0.9996973210739336,Male
20.31982853575684,0.3674692595607087,0.95453673498845,Female
18.999712652419703,0.26044100383584207,0.965237465817674,Female
35.41566747788171,0.3188755462171416,0.35843147039844075,Female
23.64081916875808,0.9982308923264528,0.3674692595607087,Female
65.03143204806449,0.5039205128784116,0.26044100383584207,Female
35.786291764899744,0.9999818206684384,0.3188755462171416,Female
40.55040117119172,0.9999725527493676,0.9982308923264528,Male
54.54343590767359,0.618343217041573,0.5039205128784116,Female
48.354131556265365,0.9942749607681824,0.9999818206684384,Male
18.761503568078687,0.9996041185456868,0.9999725527493676,Female
60.28417062767764,0.07044623181938095,0.618343217041573,Female
52.96476969097777,0.9607387967835412,0.9942749607681824,Female
63.67621615712221,1.9338163611956724e-4,0.9996041185456868,Male
42.2933888191751,0.9996243004978396,0.07044623181938095,Male
57.26580744416559,0.9999999982508948,0.9607387967835412,Male
23.610687885010265,0.11636995453142952,1.9338163611956724e-4,Male
55.40200347935205,0.06210318433024538,0.9996243004978396,Male
19.709772226024793,0.821870399167987,0.9999999982508948,Male
73.21806217836591,0.9996784236890848,0.11636995453142952,Female
42.70373767333384,0.33519653405389177,0.06210318433024538,Male
40.602259899358636,0.9999795259648728,0.821870399167987,Female
21.540340488503563,0.99996172430195,0.9996784236890848,Female
17.40851411387431,0.5489419505330051,0.33519653405389177,Female
17.27990762922402,0.1841336780149705,0.9999795259648728,Male
55.67327087611225,0.9995939519947756,0.99996172430195,Female
23.93857806043552,3.1259436590235654e-6,0.5489419505330051,Female
29.07803708140036,0.8837190530890839,0.1841336780149705,Male
21.774192492458237,0.575106510287823,0.9995939519947756,Female
16.332840773696354,0.5247270427999775,3.1259436590235654e-6,Male
18.687774640657082,0.999958310750694,0.8837190530890839,Male
21.138216435977387,0.8847226351847137,0.575106510287823,Male
39.109509531776816,0.7366247842780371,0.5247270427999775,Male
40.36299572844577,0.9998871358995328,0.999958310750694,Female
63.69052963469972,0.34390313108598103,0.8847226351847137,Male
19.693195331710903,0.9999999999312962,0.7366247842780371,Female
21.797608119755623,0.6029421702217823,0.9998871358995328,Male
46.02552006489721,0.9999706899619232,0.34390313108598103,Female
50.20211270819074,0.9994973139340642,0.9999999999312962,Female
47.55072587902756,0.9940648784874392,0.6029421702217823,Male
42.81834353689761,0.9999065817356296,0.9999706899619232,Male
69.41652733414455,0.9999668896376734,0.9994973139340642,Male
48.793033247141736,0.9999999995733752,0.9940648784874392,Female
48.20516664765382,0.999999999390984,0.9999065817356296,Male
18.850022530230437,0.9999999999947796,0.9999668896376734,Male
18.13139323015692,0.10948073045118388,0.9999999995733752,Male
39.82596170177707,0.9993721974246724,0.999999999390984,Female
58.03021890131062,0.4274969849818413,0.9898989393532908,Female
18.494301372727964,0.8000043635843865,0.9999999999947796,Male
35.78662715162116,0.03983792716323135,0.10948073045118388,Female
22.35556899130479,0.12469675495014244,0.9993721974246724,Female
25.493447854082692,0.9344973008245836,0.4274969849818413,Male
58.30421131518239,0.37187614758729487,0.8000043635843865,Male
24.34761074986691,0.96030733263264,0.9207917293167076,Female
28.72939057469516,0.999364360457927,0.03983792716323135,Female
22.875178815879536,0.7191831530220688,0.12469675495014244,Female
42.64833723096814,0.989474832786812,0.9344973008245836,Female
29.182166451187666,0.9999999720967186,0.37187614758729487,Female
33.66674911907116,0.9963147789023894,0.96030733263264,Female
18.49135365173524,0.7733869554052025,0.999364360457927,Female
34.15642704134662,0.9992271729782692,0.7191831530220688,Male
26.70970428676452,0.6190424134997476,0.989474832786812,Male
56.66231573376936,0.9988932599581984,0.9999999720967186,Female
17.45383055111922,0.5617355143157001,0.9963147789023894,Female
20.763768284026668,0.26247820702191565,0.7733869554052025,Male
16.554909657261643,0.4025968737107659,0.9992271729782692,Female
58.94802389915583,0.9995921201377878,0.6190424134997476,Female
32.300416001216824,0.932260026898648,0.9988932599581984,Female
35.86496083352346,0.992520892241634,0.5617355143157001,Female
63.71437441377038,0.4699521663344388,0.26247820702191565,Female
53.7675121999138,0.5797288846926361,0.4025968737107659,Female
58.00498181103759,0.999970502557029,0.9995921201377878,Female
31.77592500697138,0.9999674376219476,0.932260026898648,Female
50.5372880700687,0.6383099497077936,0.992520892241634,Male
28.669309231373745,0.9191453595531548,0.4699521663344388,Female
20.168269957157705,0.9994660268750538,0.5797288846926361,Male
56.53854526326464,0.9998996758274774,0.999970502557029,Female
54.94231266002484,0.6560390941856147,0.9999674376219476,Female
24.281141246482623,0.9999843264266468,0.6383099497077936,Female
26.807783323193146,0.19306019838713964,0.9191453595531548,Male
47.08776820797526,0.6908644604951619,0.9994660268750538,Female
22.763557273049916,0.6606704636295541,0.9998996758274774,Female
41.613208228762645,0.9999999992372646,0.6560390941856147,Female
27.13853870383046,0.9998915331960276,0.9999843264266468,Male
19.66715124090552,0.9999952014143998,0.19306019838713964,Male
21.73053882424519,0.9179840177853694,0.6908644604951619,Female
31.2244310403833,0.7964945998519262,0.6606704636295541,Male
19.367517618576823,0.564892657222406,0.9999999992372646,Male
41.7759507060106,0.9999980179374032,0.9998915331960276,Female
23.652582959413895,5.928632291409092e-7,0.9999952014143998,Female
18.664327483712324,0.06929281106527957,0.9179840177853694,Male
44.7672285281517,0.9999944913678428,0.7964945998519262,Female
18.45223778107334,0.6605117261705125,0.564892657222406,Male
19.090813591654626,0.5253836298871569,0.9999980179374032,Male
20.897813870509797,0.743246608451978,5.928632291409092e-7,Male
22.189842795396356,0.9998456149628562,0.3206803192168838,Female
17.17907458108348,0.29544227956286706,0.06929281106527957,Female
18.34516347884503,0.9218604885313156,0.9999944913678428,Male
31.62910893097067,0.999985169766178,0.999901418921361,Male
41.76706818642736,0.9998682561025598,0.6605117261705125,Female
22.775931249524678,0.8985001823985387,0.5253836298871569,Female
35.410998396582755,0.9469927523895364,0.743246608451978,Female
27.05225774456866,0.9274913853903938,0.9998456149628562,Male
33.829721208203416,0.9999880334241458,0.29544227956286706,Female
47.75201539407306,0.9998453210322616,0.9218604885313156,Female
19.99935102796157,0.08765777331708746,0.999985169766178,Male
46.219473343980525,0.9999290351712706,0.9998682561025598,Male
47.77997788171471,0.999999739628379,0.8985001823985387,Male
38.35356510000761,0.9999999992778902,0.9469927523895364,Female
19.818441738281745,0.9999902032718676,0.9996249574748308,Female
48.48396535224478,0.99998757181623,0.9274913853903938,Female
45.62997084695922,0.8707432618312123,0.9999880334241458,Male
20.66783865059447,0.9246316534442344,0.9998453210322616,Female
18.394862220194184,0.9997438652129812,0.08765777331708746,Male
40.1960406684919,0.2434050905170038,0.9999290351712706,Female
30.19550719953355,0.9999331101814888,0.999999739628379,Female
53.12260808806754,0.9960199197996122,0.9999999992778902,Male
25.09835839861079,0.7156660354709166,0.9999902032718676,Female
24.073092028544632,0.3834955938783358,0.99998757181623,Male
60.49274919512257,0.9999999997002124,0.8707432618312123,Female
35.04597535934291,0.999952448356394,0.9246316534442344,Female
46.03729878064238,0.999979551767888,0.9997438652129812,Female
33.587604475625525,0.5957936512581972,0.2434050905170038,Female
46.631266889750805,0.6031914200917023,0.9999331101814888,Female
18.60201339772353,0.567571849969246,0.9960199197996122,Female
49.902629826095776,0.7750332135609366,0.7156660354709166,Male
26.93289055568231,0.9960552756362824,0.3834955938783358,Female
26.4496289324917,0.5785685383899593,0.9999999997002124,Female
24.167769221994067,0.18020315593893815,0.999952448356394,Female
29.950104317185083,0.99999491934449,0.999979551767888,Female
38.24240788272872,0.760327832688504,0.5957936512581972,Female
53.71599427713134,0.9999887267596154,0.6031914200917023,Male
52.12829736735366,0.8811280011093874,0.567571849969246,Male
23.06539413643623,0.9995189422938172,0.7750332135609366,Female
43.94412395112429,0.9999552631894696,0.9960552756362824,Male
18.721592421476917,0.05997959921708107,0.5785685383899593,Female
34.71486795573808,0.9999999995449586,0.18020315593893815,Male
23.61453450199001,0.8370006425837748,0.99999491934449,Male
26.82673023297082,0.99905660481023,0.760327832688504,Female
37.806541720536416,0.975692870118238,0.9999887267596154,Male
46.749742407534164,0.9998866917563805,0.8811280011093874,Male
22.324077813268435,0.9981235304894212,0.9995189422938172,Male
57.146628894466,0.9999612538728108,0.9999552631894696,Female
22.83549160899435,0.9999805349915508,0.05997959921708107,Female
34.09831248257155,0.5755136953366586,0.43482181393137415,Female
47.48196916115294,0.9989043668464476,0.9999999995449586,Male
21.398027891854895,0.13524888955842254,0.8370006425837748,Male
42.781135510938725,0.6069069938569772,0.99905660481023,Female
52.0975925609045,0.9968718315134424,0.975692870118238,Male
37.65049404897711,0.9999661283742018,0.9998866917563805,Female
36.49157477121201,1.5355782366701102e-10,0.9981235304894212,Female
58.587273113291246,0.770403863163946,0.9999612538728108,Female
20.328270495855197,0.7781221277284687,0.9999805349915508,Male
20.421025046264607,0.999778724703231,0.5755136953366586,Male
21.92889056835754,0.601589142281473,0.9989043668464476,Male
30.0358817844196,0.6002531462287342,0.13524888955842254,Female
56.30327791086775,0.03098719783637997,0.6069069938569772,Male
40.25848933378964,0.9708800004842664,0.9968718315134424,Female
20.19603008467057,0.74742631981438,0.9999661283742018,Female
18.41076599614673,0.9988905910143177,1.5355782366701102e-10,Female
34.97974392856238,0.999792569809472,0.770403863163946,Female
42.55873795852663,0.9999057195555962,0.7781221277284687,Male
21.227545947727332,0.9996328397947478,0.999778724703231,Male
15.633707189393363,0.6908700757479918,0.601589142281473,Female
21.14049778817147,0.5388184855011418,0.6002531462287342,Female
40.15980511825994,0.9997188109330816,0.03098719783637997,Female
26.10613877481177,0.30920086672722447,0.9708800004842664,Female
57.92008993079322,0.99996192239796,0.74742631981438,Male
29.534580893350572,0.12248211586886822,0.9988905910143177,Female
59.49280765964459,0.34702376973852744,0.999792569809472,Female
28.651733686972392,0.989196372437666,0.9999057195555962,Male
22.348509328973055,0.3099623361750221,0.9996328397947478,Female
50.2543727976779,0.99977572193133,0.6908700757479918,Female
65.12698687479403,0.7483615880002488,0.5388184855011418,Male
67.65417652166198,0.42628989330376144,0.9997188109330816,Female
43.865561005906656,0.9980494786564424,0.30920086672722447,Female
21.638932238193018,0.4881743056181114,0.99996192239796,Male
64.8218966904961,0.8517500650341308,0.12248211586886822,Male
49.28881873146247,0.9999568701544266,0.6588894418918395,Male
26.018071304535198,0.848850905257564,0.34702376973852744,Female
46.8384603075012,0.9999512289772648,0.989196372437666,Male
47.94714439627855,0.148635973251351,0.3099623361750221,Female
21.19053492661039,0.9999999082229318,0.99977572193133,Female
35.15830199381448,0.7707637194605292,0.7483615880002488,Male
33.06633242071641,0.999945235919907,0.42628989330376144,Female
42.68779536466651,0.6356109641251656,0.9980494786564424,Male
44.105496140390905,0.9997000614618534,0.4881743056181114,Female
18.086760938727913,0.999991403917914,0.8517500650341308,Female
22.660742451897484,0.19586627133849893,0.9999568701544266,Female
28.191077426673765,0.5926063407491706,0.848850905257564,Female
57.52655525134991,0.9996885044222432,0.9999512289772648,Female
52.870805954825464,0.9999999999164836,0.148635973251351,Female
33.499143154105504,0.24305800215489723,0.9999999082229318,Male
49.39543013410399,0.09146083407779568,0.7707637194605292,Male
33.54940578497731,0.7191979847433941,0.999945235919907,Male
60.77873868735265,0.9895734507566568,0.6356109641251656,Female
40.06626435470378,0.8079950525338169,0.9997000614618534,Female
29.908060182016378,0.9974045716996568,0.999991403917914,Female
34.314547240601314,0.5299491909055469,0.19586627133849893,Female
52.17697226658555,0.9996928716019576,0.5926063407491706,Female
37.776744080665196,0.751571064073295,0.9996885044222432,Female
69.49324105762162,0.999997625023947,0.9999999999164836,Female
25.24390875731995,0.3862972958334088,0.24305800215489723,Female
21.84426867062134,0.8348800750249681,0.09146083407779568,Male
43.19394523030902,0.2723219386557409,0.7191979847433941,Female
20.135949153294295,0.36605130503681993,0.9895734507566568,Female
44.996101636372856,0.999990832720628,0.8079950525338169,Male
17.591102935584455,0.7311723908390381,0.9974045716996568,Female
17.258254049737623,0.9327110382673416,0.5299491909055469,Male
34.41073075899308,0.9999352366697484,0.9996928716019576,Female
51.41056781884554,0.9987163694618616,0.751571064073295,Male
41.01153528785459,0.866611822211002,0.999997625023947,Female
51.00796857175451,0.5224927484393885,0.3862972958334088,Female
64.10592598930211,0.9928998993927374,0.8348800750249681,Female
36.45905084670571,0.7908815008118196,0.2723219386557409,Female
33.09416505057419,0.9999430585459734,0.36605130503681993,Female
42.345018600907544,0.4619549435789111,0.999990832720628,Male
22.10135710573681,0.999943138522758,0.7311723908390381,Female
54.77540082262276,0.2143116561418055,0.9327110382673416,Female
24.35959410728319,0.9944143959856608,0.9999352366697484,Female
18.994989954876164,0.999998364192222,0.9987163694618616,Female
53.393285769513525,0.9999124476301348,0.866611822211002,Female
34.043115446041526,0.7679574304298343,0.5224927484393885,Male
32.623933315588005,0.9999672439797812,0.9928998993927374,Female
34.283398452353794,0.997543190705076,0.7908815008118196,Female
41.94915478363374,0.9999694697138444,0.9999430585459734,Female
29.70413561234061,0.22413494655650595,0.4619549435789111,Male
42.27617290288235,0.9999983197913104,0.999943138522758,Male
27.067100286460313,0.9998844311177604,0.2143116561418055,Female
40.15989799604533,0.9780335655623892,0.9944143959856608,Male
24.475387925571017,0.5789437514587109,0.999998364192222,Female
59.11125164778056,0.9998727143494912,0.9999124476301348,Female
39.980897818592034,0.7864820560412655,0.7679574304298343,Female
21.512574340254012,0.7066612010214726,0.9999672439797812,Female
43.01943829695541,0.377370771321203,0.997543190705076,Female
23.69611982533526,0.9999999993314233,0.9999694697138444,Female
24.863376524197022,0.2561549380473621,0.22413494655650595,Female
20.896723103151064,0.35039957700647856,0.9999983197913104,Male
57.05570319035668,0.14510334013714454,0.9998844311177604,Female
20.57400876492509,0.9998499476759244,0.9780335655623892,Male
35.40676746647401,0.9999919426574168,0.5789437514587109,Female
49.56778465409283,0.9999837929309936,0.9998727143494912,Female
34.29014424417573,0.999299410458472,0.7864820560412655,Female
43.92744768296702,0.6377518103162518,0.7066612010214726,Female
21.885614812279766,0.45957509458127455,0.377370771321203,Female
38.43894009683879,0.9981308092764232,0.9999999993314233,Female
71.37957110173144,0.7866508236602907,0.2561549380473621,Male
47.94131774913174,0.9997544417461351,0.35039957700647856,Female
63.19726002611098,0.9999924765110364,0.14510334013714454,Female
47.522593226354346,0.23118635417086572,0.9998499476759244,Female
44.07937076964028,0.7531527898769559,0.9999919426574168,Female
44.04526868329658,0.9468648004534452,0.9999837929309936,Female
48.71595764570183,0.9999668718673717,0.999299410458472,Male
24.16318940603848,0.9168288237386374,0.6377518103162518,Male
42.6631552779679,0.9999877591310272,0.45957509458127455,Male
18.4243254556747,0.9999950725567855,0.9981308092764232,Male
32.922576241539275,0.8486264412970206,0.7866508236602907,Male
18.564818458944913,0.8079863373169442,0.9997544417461351,Female
18.74230489644333,0.999258295927408,0.9999924765110364,Male
21.515483338403428,0.9997665811329692,0.23118635417086572,Female
20.16950449337085,0.999992932644636,0.7531527898769559,Female
20.519474326311254,0.9998558764834736,0.9468648004534452,Female
40.676476981773014,0.35274283915020715,0.9999668718673717,Female
41.94771994701752,0.99998283197287,0.9168288237386374,Male
31.256795542119807,0.9999918753067508,0.9999877591310272,Male
60.22298682409309,0.4536748658468775,0.9999950725567855,Male
35.10943452607296,0.6898971177350357,0.8486264412970206,Male
21.504670729079525,0.01156133503913842,0.8079863373169442,Female
27.423450864451034,0.9997450831640488,0.999258295927408,Male
27.656631049255964,0.9999999812702848,0.9997665811329692,Female
16.770708387203083,0.18396535519421311,0.999992932644636,Male
68.08877601592009,0.00915977595933851,0.9998558764834736,Female
32.60403081983421,0.9998995946574945,0.18304438029525227,Female
20.72228439425051,0.7160933449272789,0.35274283915020715,Female
40.9996026630669,1.1190099750903617e-7,0.99998283197287,Male
27.460339030851525,0.4349282504808538,0.29079790554506335,Female
19.130588637919235,0.6219833909722283,0.9999918753067508,Female
41.04787610591426,0.570627089473963,0.4536748658468775,Female
37.29435657337693,0.6676519208095948,0.6898971177350357,Female
20.25673127867772,0.29996130979131413,0.01156133503913842,Male
22.285246818515983,0.5460080470613058,0.9997450831640488,Female
56.9269773049915,0.9999983988285148,0.9999999812702848,Female
18.295711841204653,0.9999936041472548,0.18396535519421311,Female
48.89505596116308,0.9999999708984696,0.00915977595933851,Female
25.286070740487236,0.34114470418827525,0.9998995946574945,Male
19.961714864248233,0.9991273041136804,0.7160933449272789,Male
36.856485125611584,0.2123799794831379,1.1190099750903617e-7,Male
50.70530468096433,0.9997001344832684,0.4349282504808538,Female
29.805467177478643,0.4039165333256799,0.6219833909722283,Male
19.81963641088042,0.438116829887694,0.570627089473963,Male
22.80795573807894,0.3833768432656732,0.6676519208095948,Female
52.159593663649964,0.7973032658234975,0.29996130979131413,Female
27.81519716328238,0.9896722371297884,0.5460080470613058,Female
21.242739561943875,0.4556407932694844,0.9999983988285148,Male
38.69266078535757,0.999991565543032,0.9999936041472548,Male
58.271020039546734,0.9999660085312246,0.9999999708984696,Female
75.6314541346617,0.7940086827889953,0.34114470418827525,Male
22.71768223819302,0.6607680441165913,0.9991273041136804,Female
37.174078066773134,0.9998710343229176,0.2123799794831379,Male
20.755690641873908,0.5344804442293892,0.9997001344832684,Male
16.015008936040765,0.9999742336740848,0.4039165333256799,Female
26.45479475625523,0.9912662321258154,0.438116829887694,Female
80.42545412198646,0.9999920058240296,0.3833768432656732,Female
22.355333897381296,0.9949494749399996,0.7973032658234975,Male
24.758110946333055,0.9999999999824232,0.9896722371297884,Female
21.13632725555809,0.9999779622893046,0.4556407932694844,Female
44.02310549598195,0.04858686765992088,0.999991565543032,Male
37.22867325145131,0.9999823120438364,0.9999660085312246,Female
57.21209135041955,0.9999978241129864,0.7940086827889953,Male
28.41053632088625,0.976707661706592,0.6607680441165913,Male
38.91505463026339,0.9999581427576676,0.9998710343229176,Female
17.540207842167973,0.9999999998840656,0.5344804442293892,Female
17.424417192688924,0.6729020209202847,0.9999742336740848,Female
57.107731608233834,0.9998670289639682,0.9912662321258154,Female
49.10195116231906,0.8598168289399855,0.9999920058240296,Female
43.38862156818009,0.47133060229195833,0.9949494749399996,Male
51.76997072020686,0.9999870320287498,0.9999999999824232,Female
35.406870579511754,0.18050571131932472,0.9999779622893046,Female
41.247633692042484,0.911504696426752,0.04858686765992088,Female
55.75765058179329,0.9999683638598116,0.9999823120438364,Male
21.880094747382564,0.45678484334564806,0.9999978241129864,Male
30.69270603594697,0.9999999997155384,0.976707661706592,Female
36.32758089968819,0.593622333512081,0.9999581427576676,Female
50.108943519152284,0.9978678762994536,0.9999999998840656,Male
52.92168761249271,0.9999879500941042,0.6729020209202847,Female
49.94255076431668,0.9999219478271012,0.9998670289639682,Female
35.270294825969025,0.9998986309013922,0.8598168289399855,Female
17.044528196060536,0.9222090796146344,0.47133060229195833,Female
18.78138103024311,0.9999942098625564,0.9999870320287498,Female
24.99440591172966,0.9999226950278792,0.18050571131932472,Female
18.131647748878244,0.999889458587972,0.911504696426752,Female
40.50785189621518,0.9999809484660352,0.9999683638598116,Male
51.29914052399422,0.9999906033853632,0.9999999999911968,Female
32.51480122062514,0.5468406118363066,0.45678484334564806,Female
17.52395194818364,0.12667143605150832,0.9999999997155384,Female
18.378687764595533,0.3778382212181015,0.593622333512081,Female
26.203080113823614,0.6914834170011811,0.9978678762994536,Female
48.93256404162547,0.9997934661775152,0.9999879500941042,Female
23.369824099424545,0.81732528713856,0.9999219478271012,Female
19.86109558394808,0.6285788456047785,0.9998986309013922,Female
42.10647362283571,0.9998751899617708,0.9222090796146344,Female
37.8167950351104,0.4419143070447189,0.9999942098625564,Female
32.38377693487464,0.9999990290221844,0.9999226950278792,Male
23.296658396075745,0.8453861256033764,0.999889458587972,Male
42.738954768423454,0.9999689199427716,0.9999809484660352,Female
57.293355103049656,0.2162852578131732,0.9999906033853632,Male
46.85203066773139,0.9999470748769425,0.5468406118363066,Male
47.369271300732635,0.9099151065947364,0.12667143605150832,Male
22.055758359317565,0.9999835832593774,0.3778382212181015,Female
30.490405354019316,0.3280239941341984,0.6914834170011811,Female
71.98765882069613,0.9999531211534488,0.9997934661775152,Female
72.13228464775521,0.9999967028904292,0.81732528713856,Male
45.33213758333967,0.7882385106570966,0.6285788456047785,Female
28.8842848949223,0.9413364091250817,0.9998751899617708,Male
44.30635897533399,0.6791462471700559,0.4419143070447189,Female
28.327001673131036,0.552007700500674,0.9999990290221844,Female
41.086249619742944,0.9999999393352272,0.8453861256033764,Female
42.86117185717545,0.999805328833576,0.9999689199427716,Male
16.56285788526377,0.5072453142140216,0.2162852578131732,Female
21.778353962278498,0.2682579745036067,0.9999470748769425,Male
35.565327084442416,0.9999596703305722,0.9099151065947364,Female
26.910955078966712,0.9999887258441442,0.9999835832593774,Female
47.4933357733161,0.8234918971473723,0.3280239941341984,Female
21.203986931832585,2.600614245108844e-5,0.9999531211534488,Male
49.06111599107663,0.39283069242370094,0.9999967028904292,Female
39.93393740335134,0.9999867280545212,0.7882385106570966,Male
67.25378235353766,0.4024379687791901,0.9413364091250817,Male
41.383907204603645,0.3876445942830074,0.6791462471700559,Male
22.711997300174918,0.2062405030445667,0.552007700500674,Female
40.559952816437246,0.9999937310780422,0.9999999393352272,Male
17.915484320734148,0.6814134592713661,0.999805328833576,Male
46.09539800238294,0.9995751134894364,0.5072453142140216,Male
23.549254474358,0.5703106504307113,0.2682579745036067,Female
50.67209543818287,0.5160593887367926,0.9999596703305722,Male
37.69327905163891,0.998801542750306,0.9999879618350422,Female
71.00790259715568,0.9999349440030012,0.9999887258441442,Male
44.15986123786346,0.9994008323215704,0.8234918971473723,Female
41.80626955155018,0.9977115400192992,2.600614245108844e-5,Female
38.408076026060286,0.22002834980896127,0.39283069242370094,Female
50.15071101731437,0.4751824996553192,0.9999867280545212,Male
23.62356709635714,0.11685181493628943,0.4024379687791901,Female
32.77160611073086,0.5907069658027051,0.3876445942830074,Female
18.242140752148455,0.9998933382119336,0.2062405030445667,Female
38.69571257003067,0.9998493499303512,0.9999937310780422,Female
45.11416070930616,0.955162564829198,0.6814134592713661,Female
57.80156396557406,0.2674793548259536,0.9185330871516252,Female
20.79012190407382,0.7461014083580919,0.9995751134894364,Male
45.8504303559206,0.3317992190693891,0.5703106504307113,Female
65.40320334879712,0.9798178422254584,0.5160593887367926,Female
28.110474909372066,0.4204078063845472,0.998801542750306,Female
44.99867714908612,0.6025915247195035,0.9999349440030012,Male
36.797491349152025,0.2251271300168228,0.9994008323215704,Female
29.164967931655134,0.9999686607591716,0.7475283991943804,Male
21.58430577737217,0.261633984113774,0.9977115400192992,Female
42.882984003853274,0.9993290014249544,0.22002834980896127,Female
19.560670646690497,0.3288629280991211,0.4751824996553192,Female
29.38103429918625,0.7052810676160046,0.11685181493628943,Male
44.179894225162876,0.9989651527892968,0.5907069658027051,Female
38.093456790123454,0.9991687388199172,0.9998933382119336,Female
29.975396481354732,0.9999579437316454,0.9998493499303512,Female
34.96468486196669,0.7417946119704302,0.955162564829198,Male
20.123756432681827,0.9999908149497592,0.2674793548259536,Male
60.77747699444825,0.8784709750662891,0.7461014083580919,Female
17.98095469870966,0.5017063050168704,0.3317992190693891,Male
33.06154672725429,0.3483340462439403,0.9798178422254584,Male
52.87888879382463,0.8582800364649278,0.4204078063845472,Male
19.92537005348949,0.47277552263773,0.6025915247195035,Male
39.19401846147996,0.9998643669719816,0.2251271300168228,Female
27.326621352701093,0.1069978410989991,0.9999686607591716,Male
47.31677728978122,0.9982523052282948,0.261633984113774,Female
40.989909213628415,0.9994201757662776,0.9993290014249544,Female
19.877343967855605,0.530699908008774,0.3288629280991211,Male
38.27240518924126,0.995266075042578,0.7052810676160046,Male
42.68207924557001,0.5981922627365641,0.9989651527892968,Female
39.96304224655867,0.7891425886013013,0.9991687388199172,Male
28.27618206073973,0.9999992864584276,0.9999579437316454,Male
23.40513660734657,0.5570076133472193,0.7417946119704302,Female
26.109905981443454,0.16767130442197498,0.9999908149497592,Female
46.947243263112526,0.9881885980966768,0.8784709750662891,Female
23.197262782974626,0.04567558935739484,0.5017063050168704,Female
54.471292747230464,0.9999801216421506,0.3483340462439403,Female
21.729332553806373,0.5136351572406803,0.8582800364649278,Male
54.70023709027303,0.9999167437216804,0.47277552263773,Female
24.894618126853754,0.9647080556053886,0.9998643669719816,Female
26.593953754404644,0.999996717506104,0.1069978410989991,Female
37.24710019139605,0.9998350011703032,0.9982523052282948,Female
38.32156675412579,0.9999999984425644,0.9994201757662776,Female
36.63436896341927,0.9999985857226422,0.530699908008774,Female
40.51672189900373,0.14937537205090576,0.995266075042578,Male
52.78083517124243,0.41096279175647665,0.5981922627365641,Female
22.008193367049458,0.19262349752578944,0.7891425886013013,Female
17.62481776180698,0.6024924847475229,0.9999992864584276,Female
31.096415760387355,0.9998147706233544,0.5570076133472193,Male
17.556271833092502,0.7344130850383489,0.16767130442197498,Female
47.41628476183233,0.7555018777840625,0.9881885980966768,Female
35.88104675260476,0.999993793666915,0.04567558935739484,Male
40.16110648465029,0.15861411861615987,0.9999801216421506,Female
19.935266655258957,0.8182499693046533,0.5136351572406803,Female
31.72463862904657,0.24169760835116363,0.9999167437216804,Female
51.427767352396884,0.9999651688750836,0.9647080556053886,Male
35.52476731437118,0.999999999742498,0.999996717506104,Male
43.99589534692118,0.9781474278196332,0.9998350011703032,Female
35.46577483712323,0.999327151239876,0.9999999984425644,Female
34.69369017289021,0.3637401254912897,0.9999985857226422,Female
19.274393965320556,0.9949394556563796,0.14937537205090576,Female
29.293344043907016,0.8120607768371471,0.41096279175647665,Female
38.38384763099855,0.9885930809422132,0.19262349752578944,Male
23.493652559129973,0.9999999975383858,0.6024924847475229,Female
18.072070404593504,0.8234752095134195,0.9998147706233544,Female
23.538613646158137,0.9596790108058332,0.7344130850383489,Female
45.838605565695744,0.40740602875703935,0.7555018777840625,Male
47.09362248713464,0.999999996325524,0.999993793666915,Female
23.866952556594924,0.999976906444265,0.15861411861615987,Male
17.746127050219282,0.7412443674526341,0.8182499693046533,Female
23.106388350191395,0.7651532211547791,0.24169760835116363,Female
21.340719636474258,0.9480441735020712,0.9999651688750836,Female
17.145683100109007,0.5513420472687414,0.999999999742498,Male
45.936814808477195,0.9999762058936496,0.9781474278196332,Male
21.480216334575505,0.999988341215725,0.999327151239876,Male
43.551087345045254,0.9999163742708316,0.3637401254912897,Female
44.529669873501156,0.9998763507229528,0.9949394556563796,Female
51.26266091210992,0.999827431873364,0.8120607768371471,Male
30.73615984739017,0.7152461535602627,0.9885930809422132,Female
47.20279203741729,0.4713229048046478,0.9999999975383858,Female
19.802071006667173,0.9999399461094872,0.8234752095134195,Female
21.445155620199255,0.9995214393148396,0.9596790108058332,Female
27.762939133520927,0.9999889909292586,0.40740602875703935,Female
19.768304053540195,0.22708821848097843,0.999999996325524,Male
67.17881299591858,0.999999999857305,0.999976906444265,Male
22.81874144421629,0.5110268574937077,0.7412443674526341,Male
47.87724782619718,0.5230149489994946,0.7651532211547791,Male
40.539247439602505,0.9999997149281163,0.9480441735020712,Female
19.906575404973765,0.3738428688024162,0.5513420472687414,Female
32.32449286384262,0.6049726773745228,0.9999762058936496,Female
28.582239428853907,0.9943114423607736,0.999988341215725,Female
56.48323237508556,0.6909769255277842,0.9999163742708316,Female
18.583230790681167,0.15645625268906663,0.9998763507229528,Female
36.13198307222349,0.99997044447076755,0.999827431873364,Female
42.589058388470605,0.999974937609206,0.7152461535602627,Female
25.098886702410827,0.3421587179890657,0.4713229048046478,Male
21.337388045985755,0.9999935190820088,0.9999399461094872,Female
18.039825271883792,0.9998164926315614,0.9995214393148396,Female
27.195065530965596,0.9739365812740644,0.9999889909292586,Female
19.771590742008264,0.6685657955582023,0.22708821848097843,Female
34.96414385124344,0.4895891353017548,0.999999999857305,Female
24.51282103201764,0.9999727782452478,0.5110268574937077,Male
62.13692527315132,0.999999993940439,0.5230149489994946,Female
22.25273309757396,0.9999851623560824,0.9999997149281163,Female
47.7611387114356,0.9999163163029132,0.3738428688024162,Female
37.27773747053008,0.9049833480184272,0.6049726773745228,Male
24.8063547925064,0.6697187796561399,0.9943114423607736,Female
41.101604367886026,0.8565156460314252,0.6909769255277842,Female
19.40772767891094,0.6119696256366837,0.15645625268906663,Male
35.57418802443785,0.999997604340235,0.99997044447076755,Female
18.737403985093923,0.9999329878233104,0.999974937609206,Male
55.90929814054301,0.4368739992361368,0.3421587179890657,Female
44.995232051867056,0.9999985734355432,0.9999935190820088,Female
20.327477057824424,0.5649380939311627,0.9998164926315614,Female
49.30770445154258,0.9999999994471556,0.9999283323593864,Female
57.079439596167006,0.8766343115577278,0.9739365812740644,Female
21.062520533880903,0.9992929291280233,0.9999999465760412,Male
56.77128694831039,0.9962026771259238,0.6685657955582023,Male
43.650987305752025,0.99975839337024075,0.4895891353017548,Female
23.32716397951682,0.5042532507398912,0.9999727782452478,Female
35.17414046061805,0.9999575977234046,0.999999993940439,Male
36.72740997414252,0.9999549516763993,0.9999851623560824,Female
28.23534999492991,0.9999999950195232,0.9999163163029132,Female
66.91435850635028,0.9999999900139702,0.9049833480184272,Female
43.622747547342,0.9999876266442989,0.6697187796561399,Female
38.00058879635967,0.9999614782619334,0.8565156460314252,Female
28.691536935635156,3.260969157933197e-7,0.6119696256366837,Male
46.00579949045555,0.05591192097672654,0.999997604340235,Female
34.20839290693843,0.9999943086953168,0.9999329878233104,Female
19.022306702664334,0.27083312761514644,0.4368739992361368,Female
59.64432266712298,0.32503988417344387,0.9999985734355432,Female
48.19344256217203,0.4548098633054312,0.5649380939311627,Female
75.6213108411286,0.2577924659752753,0.9999999994471556,Female
43.21869952087611,0.0548925855099342,0.8766343115577278,Female
50.07203960377215,1.0781547202108273e-4,0.9992929291280233,Male
20.169567679417955,0.9999515439098609,0.9962026771259238,Female
64.22874987324765,0.9993525483523668,0.99975839337024075,Male
55.11479047836337,0.9999548865287176,0.5042532507398912,Female
45.86649697695643,0.99974432486388,0.9999575977234046,Female
49.44393997008645,0.9999201716202064,0.9999549516763993,Female
34.37544369660557,0.7911039357509426,0.9999999950195232,Female
49.716401437371665,0.9997547670003214,0.9999999900139702,Male
18.454203424848533,0.9999795152998652,0.9999876266442989,Female
70.97486510381017,0.9999151024389374,0.9999614782619334,Female
36.522008486069915,0.9999888653522933,3.260969157933197e-7,Female
34.03624648262225,0.9999310874299088,0.05591192097672654,Female
40.74076628133952,0.999629426286664,0.9999943086953168,Female
54.93225242096991,0.7939998578729629,0.27083312761514644,Female
19.27836486298071,0.9999970287539076,0.32503988417344387,Male
57.852743459578676,0.9999713118259324,0.4548098633054312,Female
42.84098584809998,0.9909933929777052,0.2577924659752753,Male
37.90974741425204,0.999919054367847,0.0548925855099342,Female
18.61201045073136,0.7444940634067905,1.0781547202108273e-4,Male
21.85356855400918,0.9999985807511784,0.9999515439098609,Female
25.12488633482901,0.9999032304374772,0.9993525483523668,Male
18.739746241792783,0.6513290237638042,0.9999548865287176,Male
54.83518062210054,0.9081914144469412,0.99974432486388,Male
31.749776725733263,0.577831785168782,0.9999201716202064,Male
30.564307615281262,0.6225046126341964,0.7911039357509426,Female
19.59105749486653,0.8579085060548837,0.9997547670003214,Female
16.77686433695845,0.29036653063269313,0.9999795152998652,Female
46.16372727964104,0.9997530402014044,0.9999151024389374,Female
50.64111187162521,0.490017257892738,0.9999888653522933,Female
28.525813274773746,0.9991572459135968,0.9999310874299088,Female
19.898009988085278,0.993516944383007,0.999629426286664,Male
49.571784926610384,0.5892745945060988,0.7939998578729629,Female
43.94354751311887,0.7405158521595235,0.9999970287539076,Female
20.970289819251146,0.8562536744361474,0.9999713118259324,Male
18.63712582705909,0.9677552684223982,0.9909933929777052,Female
45.24608988009228,0.6927283104552182,0.999919054367847,Male
35.48429462316526,0.9999863329430058,0.7444940634067905,Male
28.42353021142292,0.9669918763911782,0.9999985807511784,Female
29.206680831241922,0.999953724074784,0.9999032304374772,Female
55.49146215174792,0.9999806260567036,0.6513290237638042,Female
18.479532093695337,0.15139825263343634,0.9081914144469412,Male
43.39624163434482,0.14494403595108035,0.577831785168782,Male
19.46595064263442,0.4639229721618478,0.6225046126341964,Female
29.23204483230664,0.9803851341213804,0.8579085060548837,Female
48.06318306842092,0.999926085489142,0.29036653063269313,Female
41.474161374756,0.999954736817368,0.9997530402014044,Female
47.18234796055467,0.9926992366763684,0.490017257892738,Female
26.132517174943594,0.9999999999846022,0.9991572459135968,Female
13.45235157299668,0.39330883591117305,0.993516944383007,Female
18.41195753162471,0.7805219153039161,0.5892745945060988,Male
34.34235911476158,0.953013232554026,0.7405158521595235,Female
44.40537477501458,0.9214502429715892,0.8562536744361474,Female
23.374419759424036,0.13992264575922117,0.9677552684223982,Female
52.132392894263184,0.8553318912462846,0.6927283104552182,Male
46.488403047126525,0.999395275633758,0.9999863329430058,Male
55.83910401931706,0.3938206446982172,0.9669918763911782,Male
25.27043152837985,0.5269542219760242,0.999953724074784,Male
55.164103227114865,0.9998416064942912,0.9999806260567036,Male
47.70109567901235,0.9999472917027632,0.15139825263343634,Female
23.568644827236547,0.0508547790669848,0.14494403595108035,Female
34.82461080690547,0.6780943618626434,0.4639229721618478,Female
44.55298286308211,0.6687357868226265,0.9803851341213804,Female
20.18451761223921,0.9998973539821654,0.999926085489142,Male
50.28010659872741,0.9999488768668,0.999954736817368,Female
45.01720732882095,0.9971554866392772,0.9926992366763684,Female
31.064333504449007,0.9999733348320434,0.9999763679563672,Female
68.35707870687251,0.3693206312709385,0.9999999999846022,Male
27.280901969731538,0.9999986483309616,0.39330883591117305,Male
18.77017957639364,0.9999999918477752,0.7805219153039161,Male
24.437404428727152,0.11108802601999648,0.953013232554026,Female
20.945376834740284,0.9990406342803986,0.9214502429715892,Male
55.15661400106472,0.2347570763629252,0.13992264575922117,Female
31.915763334347353,0.12448856042479986,0.8553318912462846,Female
71.6713490886506,0.9617544978043462,0.999395275633758,Male
67.55241415697012,0.8896612814257499,0.3938206446982172,Male
46.630340773696354,0.16626188443850157,0.5269542219760242,Female
17.3202584797323,0.09044816366112964,0.9998416064942912,Male
42.262416565264786,0.625475458108235,0.9999472917027632,Male
57.863108411286035,0.3684710893895023,0.0508547790669848,Female
17.142979916089942,0.10766221109256612,0.6780943618626434,Female
39.89579990240069,0.99963369818661,0.6687357868226265,Female
73.30182948006185,0.9999216552781596,0.9998973539821654,Male
60.00509867670546,0.9999541422651034,0.9999488768668,Female
44.346209439247595,0.13814004040604855,0.9971554866392772,Male
48.8418485879788,0.9999764731661822,0.9999733348320434,Female
36.73552462798185,0.5742272720099951,0.3693206312709385,Male
29.67374898598119,0.6217788233994876,0.9999986483309616,Male
43.1909280807159,0.2246273259488033,0.9999999918477752,Male
32.336418929196135,0.36433945706164794,0.11108802601999648,Female
37.94281837021827,0.9999845970584776,0.9990406342803986,Female
44.97507009405025,0.9999948923788564,0.2347570763629252,Female
22.13701149643826,0.757385866385765,0.12448856042479986,Male
42.126656431414304,0.6892252996174365,0.9617544978043462,Male
19.99378783557685,0.7788016706904006,0.8896612814257499,Female
64.91326637640378,0.8273840156732037,0.16626188443850157,Female
22.342159289679824,0.9325838233381238,0.09044816366112964,Male
27.48640539838264,0.9999999997237768,0.625475458108235,Male
19.92167430349583,0.9658265177556314,0.3684710893895023,Female
38.47112118792304,0.9999999999839878,0.10766221109256612,Female
41.85885735924152,0.4347679425059829,0.99963369818661,Female
51.19261505944685,0.9999884859519076,0.9999216552781596,Male
61.556801531168404,0.9999986596587354,0.9999541422651034,Female
18.198404061145332,0.1765800712986901,0.9999903446595444,Male
60.10555533373894,0.5952736119888674,0.13814004040604855,Female
42.3175647387634,0.9810575077642892,0.9999764731661822,Female
28.873749936623824,0.9999829107032704,0.5742272720099951,Female
34.08022412984511,0.855947816501393,0.6217788233994876,Female
24.69233271858443,0.7893004005250337,0.2246273259488033,Male
24.375495158060183,0.9999872706996136,0.36433945706164794,Female
31.2745233477831,0.1722652588887228,0.9999845970584776,Male
47.25728303166274,0.999984840416803,0.9999948923788564,Female
46.50199134281441,0.8202828807581837,0.757385866385765,Male
56.92513280477603,0.45728846052291583,0.6892252996174365,Female
50.475356776180696,0.9999999997667812,0.7788016706904006,Female
56.9394570563034,0.40614009038498416,0.8273840156732037,Male
53.054103797500446,0.9776534560627712,0.9325838233381238,Female
46.48209176236469,0.9999581612305164,0.9999999997237768,Female
18.38797953583289,0.7222493426972392,0.9658265177556314,Male
26.334733915126627,0.9999789019549374,0.9999999999839878,Female
36.531436421020615,0.9920718894019094,0.4347679425059829,Female
26.28474960073009,0.9993562920332726,0.9999884859519076,Male
38.91761601008949,0.9963746353215486,0.9999986596587354,Female
49.04981050523487,0.9999555832161156,0.1765800712986901,Female
57.66174835855705,0.9999808483712852,0.5952736119888674,Female
19.514708786472987,0.8781306471403685,0.9810575077642892,Female
28.041722849646362,0.9999798621834216,0.9999829107032704,Female
30.129332775622988,0.9999804023400638,0.855947816501393,Female
43.60712151747915,0.4129980831720394,0.7893004005250337,Male
31.42164065074657,0.9999821232238344,0.9999872706996136,Female
17.52026481734986,0.8422518871262785,0.1722652588887228,Female
31.825659397419322,0.9998914683812642,0.999984840416803,Female
61.02728017973484,0.9999610326320516,0.8202828807581837,Male
41.37649387152381,0.999999967153102,0.45728846052291583,Female
35.26067185083783,0.5817103997232032,0.9999999997667812,Male
68.3787302583213,0.9993653914281168,0.40614009038498416,Female
34.231289103100366,0.9999882170161766,0.9776534560627712,Female
34.38093356275509,0.20093644492245807,0.9999581612305164,Female
22.2829943341699,0.23441033387574456,0.7222493426972392,Female
19.500756489720384,0.99948282983174,0.9999789019549374,Male
37.210042303597234,0.286852013005932,0.9920718894019094,Male
40.21243621187923,0.9999757047070648,0.9993562920332726,Male
50.83800662914797,0.9927605910471542,0.9963746353215486,Female
22.16969294242908,0.5561036157513497,0.9999555832161156,Male
56.34060128146627,0.6159504652943266,0.9999808483712852,Female
32.303808115953046,0.533762174060231,0.8781306471403685,Female
63.29747433264887,0.9990157969587704,0.9999798621834216,Male
23.805592630618296,0.997293502970187,0.9999804023400638,Male
68.16679703145994,0.9992751993764014,0.4129980831720394,Female
44.23289090425127,0.9884588295648736,0.9999821232238344,Female
42.84123174766142,0.6134155216364408,0.8422518871262785,Male
38.24708640707785,0.8682689040662115,0.9998914683812642,Female
39.82591695819707,0.16869509165828317,0.9999610326320516,Male
28.758128248029,0.9965555799018164,0.999999967153102,Female
20.32516623570867,0.22584481644751853,0.5817103997232032,Male
47.90597352143382,0.9999560670602434,0.9993653914281168,Male
41.55622483965828,0.5219203264472984,0.9999882170161766,Male
53.521005653154866,0.8465299160247111,0.20093644492245807,Female
49.3235937143509,0.9991101248817312,0.23441033387574456,Female
27.685308958856186,0.9425623355817824,0.99948282983174,Female
44.63048736279058,0.999969632671353,0.286852013005932,Female
23.635763049154562,0.9999892706864218,0.9999757047070648,Female
17.2912450566583,0.9999329282210008,0.9927605910471542,Female
64.05368849342156,0.9986047894179864,0.5561036157513497,Female
25.489565049306663,0.9999858646591864,0.6159504652943266,Female
33.45368041295916,0.9999136506204114,0.533762174060231,Female
67.51822442137552,0.9999937868972456,0.9990157969587704,Female
55.85736852612366,0.10429280188582706,0.997293502970187,Female
63.76911808882805,0.16217510395657184,0.9992751993764014,Male
36.25907052500824,0.9999396053679276,0.9884588295648736,Male
19.349881676680102,0.9999043663722196,0.6134155216364408,Female
18.22344325930996,0.999996678094946,0.8682689040662115,Female
29.05522900981063,0.999527387980061,0.16869509165828317,Female
25.11706831317971,0.4339058957577378,0.9965555799018164,Female
42.51745078839962,0.9997841544131428,0.22584481644751853,Female
22.004246679088396,0.9121167927937082,0.9999560670602434,Female
24.941202087611227,0.9984228950892,0.5219203264472984,Female
57.85617816310492,0.45539154816523875,0.8465299160247111,Male
61.034199210332844,0.22685836242899085,0.9991101248817312,Female
49.97230641747155,0.9999755676803452,0.9425623355817824,Female
24.15752145283545,0.9999823536099576,0.999969632671353,Female
18.802037037037035,0.941311701129756,0.9999892706864218,Female
20.92732444799351,0.4047645115850586,0.9999329282210008,Female
49.99489146829924,0.849162852790373,0.9986047894179864,Female
20.38866754759551,0.6934652571129265,0.9999858646591864,Female
25.795202455193046,0.999913112053235,0.9999136506204114,Female
48.5932244530636,0.11202710148025324,0.9999937868972456,Male
46.00304427459629,0.9997669871205468,0.10429280188582706,Female
68.90754746875554,0.2330914552795979,0.16217510395657184,Male
53.156491494917226,0.7849944527608108,0.9999396053679276,Female
24.197081146855272,0.999731035983058,0.9999043663722196,Female
19.07319263822344,0.9704961326554216,0.999996678094946,Female
39.09252104089031,0.9999948897583356,0.999527387980061,Female
49.027859786549044,0.7710769482796639,0.4339058957577378,Male
20.14182095596623,0.986290338421286,0.9997841544131428,Female
50.79929871092859,0.3768737944844682,0.9121167927937082,Female
48.37359742185718,0.9999986745752892,0.9984228950892,Male
20.675430546049128,0.9997325197234894,0.45539154816523875,Female
29.08409822039699,0.9998213643164544,0.22685836242899085,Male
18.978564212741144,0.9999996940476796,0.9999755676803452,Male
32.74277527441884,0.9996615770077496,0.9999823536099576,Male
47.056374660937465,0.99991412362858,0.941311701129756,Male
34.74077768905113,0.9999974974951604,0.4047645115850586,Male
42.07462839379421,0.9998187857229232,0.849162852790373,Female
34.89686059776409,0.4673545037947844,0.6934652571129265,Female
42.057927408928435,0.9996615248714484,0.999913112053235,Female
32.324204280426905,0.8808884636979344,0.11202710148025324,Male
33.26426312520597,0.20862448454540267,0.9997669871205468,Female
23.760112841280705,0.9998089013042312,0.2330914552795979,Female
30.801903471746904,0.34830224631893053,0.7849944527608108,Female
14.933812900854312,0.9999531373077856,0.999731035983058,Male
29.57399745227774,0.999310346665755,0.9704961326554216,Female
23.99463501660456,0.9827055008200823,0.9999948897583356,Female
52.49658003143458,0.7404788793012083,0.7710769482796639,Female
46.0963467437321,0.9999433516465914,0.986290338421286,Female
58.08040687504754,0.9995158634563692,0.3768737944844682,Female
53.88749524678683,0.7958582634021101,0.9999986745752892,Male
29.617431078409005,0.6118565931601019,0.9997325197234894,Female
28.919595152990087,0.8231481395260536,0.9998213643164544,Female
58.673117569143415,0.9999996840819778,0.9999996940476796,Male
50.81564805308389,0.9998563759248136,0.9996615770077496,Female
51.502981595558595,0.999971639164258,0.99991412362858,Male
70.86762050979796,0.9999974702598358,0.9999974974951604,Male
22.54474557634294,0.9999999993402172,0.9998187857229232,Male
23.947268645270867,0.8770023636350983,0.4673545037947844,Male
42.999298330671536,0.8716764626643058,0.9996615248714484,Male
20.161624838390754,0.7648340960686861,0.8808884636979344,Female
46.36509078637158,0.3835572369009791,0.20862448454540267,Female
60.29214072046036,0.9999358932482176,0.9998089013042312,Female
50.268933093771395,0.6035997840803016,0.34830224631893053,Female
41.66278937561792,0.999944904579524,0.9999531373077856,Female
60.28903484422136,0.9999965490731209,0.999310346665755,Male
35.58403208735772,0.8382488585788184,0.9827055008200823,Female
43.11167921514944,0.9984215195483592,0.7404788793012083,Female
41.873866358658454,0.9189846348867692,0.9999433516465914,Female
22.58181132278754,0.4805200746972953,0.9995158634563692,Female
36.52416796587827,0.9998685993940885,0.7958582634021101,Female
49.18684703526251,0.14745229871635618,0.6118565931601019,Male
34.751281466271195,0.9985139571029512,0.8231481395260536,Female
19.511347504246203,0.9999725586365906,0.9999996840819778,Male
47.456567609704166,0.99999234197431,0.9998563759248136,Female
44.26637361523056,0.8262647443633289,0.999971639164258,Male
55.65261005272898,0.9084774509853796,0.9999974702598358,Female
56.236522644307556,0.514421245182591,0.9999999993402172,Female
27.569092865110147,0.9999261027363088,0.8770023636350983,Female
32.656988776079295,0.4049382558768423,0.8716764626643058,Male
49.027845336781,0.9999954412282064,0.7648340960686861,Female
22.52674170405861,0.9999999996914628,0.3835572369009791,Male
24.989576045073136,0.956970191531358,0.9999358932482176,Female
39.87497290668492,0.5483557537208282,0.6035997840803016,Female
27.30535370243618,0.8269747591657015,0.999944904579524,Male
18.540849811138997,0.9994601755103162,0.9999965490731209,Female
40.82901871498466,0.9999043145583032,0.8382488585788184,Male
37.82514703272746,0.9836852041799712,0.9984215195483592,Male
20.70782844703019,0.806644916934003,0.9189846348867692,Female
36.05264452936852,0.9999684045584282,0.4805200746972953,Female
57.65639715947981,0.0424055220116564,0.9998685993940885,Female
74.65797259614166,0.999997304010272,0.14745229871635618,Female
45.53800536162446,0.999995503133336,0.9985139571029512,Male
61.06609662965498,0.9462946329183544,0.9999725586365906,Female
40.843221284254824,0.7653179233885,0.9998175133046884,Female
30.136013099855504,0.999925850878732,0.99999234197431,Male
50.169605261490105,0.9997803039331152,0.8262647443633289,Female
21.088914587928105,0.2207530674693121,0.9084774509853796,Female
58.424243890536665,0.9999999555522744,0.514421245182591,Female
43.09438395188481,0.999931434000638,0.9999261027363088,Male
19.94486703678353,0.7051651839119744,0.4049382558768423,Female
18.663463951631304,0.9999366211605268,0.9999954412282064,Female
19.863284660430452,0.999868326919712,0.9999999996914628,Female
20.165629895809566,0.9816804371708696,0.956970191531358,Female
18.87603848201384,0.9999042222795118,0.5483557537208282,Female
32.16276383501914,0.9997773523184428,0.8269747591657015,Male
32.42489111973027,0.6357001493999239,0.9994601755103162,Female
54.5047417737724,0.1745250671303059,0.9999043145583032,Male
22.602496704438867,0.9566510751742738,0.9836852041799712,Male
19.580097155677237,0.4386838722607526,0.806644916934003,Male
31.15117071640429,0.5679407257176674,0.9999684045584282,Male
18.96046499100058,0.9776069684313058,0.0424055220116564,Female
22.54508869495779,0.9948817335747544,0.999997304010272,Male
18.778610509037442,0.8791841768007784,0.999995503133336,Female
19.463283741475905,0.5496365996974406,0.9462946329183544,Male
48.38320293685198,0.9999069446107852,0.7653179233885,Female
46.48476107181788,0.9969140090655628,0.999925850878732,Female
20.010910620579512,0.7158845440613226,0.9997803039331152,Male
20.9080614178518,0.60952182551686,0.2207530674693121,Female
28.71793897508049,0.00235767241555898,0.9999999555522744,Male
17.932188854665753,0.9388293310757132,0.999931434000638,Female
46.54446161938804,0.9999906696268246,0.7051651839119744,Female
18.61456761604178,0.6736093774901686,0.9999366211605268,Female
58.26313905366695,0.998124017842202,0.999868326919712,Female
57.46403535123076,0.2646398325653863,0.9816804371708696,Male
35.879866244581336,0.9999012404764094,0.9999042222795118,Female
43.17462956625345,0.9999655410072932,0.9997773523184428,Male
54.0011173853525,0.9999637855300908,0.6357001493999239,Male
29.69058581767942,0.16650442532694695,0.1745250671303059,Female
53.021753048394054,0.4679662229335222,0.9566510751742738,Female
25.880319542677515,0.9999733143110848,0.4386838722607526,Female
50.98551619895049,0.998705488823634,0.5679407257176674,Female
20.750713267168607,0.998909746276927,0.9776069684313058,Female
45.384533963292526,0.9894793945838964,0.9948817335747544,Male
49.707764753973684,0.9939099420283264,0.8791841768007784,Female
31.455945287347582,0.999975121829153,0.5496365996974406,Female
17.33048447917459,0.9999461440615374,0.9999069446107852,Female
76.64775125484827,0.9999976091296708,0.9969140090655628,Female
48.01540741374503,0.7322121704247064,0.7158845440613226,Female
45.08014402235912,0.00156402355243708,0.60952182551686,Male
19.40756144320227,0.9930168815544947,0.00235767241555898,Male
23.51849830151849,0.00172704755343238,0.9388293310757132,Female
24.636812907191928,0.9999847844917664,0.9999906696268246,Female
33.56497531497959,0.9997735071976286,0.6736093774901686,Female
20.973452607295865,0.03024948511105419,0.998124017842202,Male
19.386832838999165,0.9306004760356807,0.2646398325653863,Male
47.8321312774102,0.9959081467883965,0.9999012404764094,Male
62.28459553324714,0.5798284638799025,0.9999655410072932,Female
15.507346788095418,0.9999911479011871,0.9999637855300908,Female
49.27945505995386,0.9999934726748329,0.16650442532694695,Male
23.759225226252948,0.2940561456162739,0.4679662229335222,Female
30.5938082427054,0.998820463553498,0.9999733143110848,Female
44.08110857606409,0.999999998810144,0.998705488823634,Female
25.31841803559206,0.9996803053379631,0.998909746276927,Male
23.304120148553757,0.9998786863566442,0.9894793945838964,Male
20.67212902755596,0.6915187197222061,0.9939099420283264,Female
21.163147070753162,0.9999538456611428,0.999975121829153,Male
47.73266534844222,0.9997539422642604,0.9999461440615374,Male
26.703750411945144,0.9999928213314944,0.9999976091296708,Male
54.545150328288585,0.999537640421372,0.7322121704247064,Male
32.22007427687784,0.9999807165177176,0.00156402355243708,Female
19.748246286156107,0.9999843196086264,0.9930168815544947,Female
36.25370132709712,0.38431946113502025,0.00172704755343238,Female
43.525949882120315,0.999994906447401,0.9999847844917664,Female
39.925263581514436,0.9998862016671016,0.9997735071976286,Male
25.10911305042209,0.9876971588571412,0.03024948511105419,Female
31.71675235125612,0.2639032707218323,0.9306004760356807,Female
35.96612131467539,0.510866891442331,0.9959081467883965,Male
32.884083897381295,0.11632830833765308,0.5798284638799025,Male
63.914236285395596,0.22686104924977268,0.9999911479011871,Female
51.98464544198545,0.655179431594798,0.9999934726748329,Female
42.52354957284457,0.8129147952822504,0.2940561456162739,Female
46.559195724643196,0.1830660554892355,0.998820463553498,Female
57.913986361447,0.9978205011053491,0.999999998810144,Female
57.927969712525666,0.5783374405513316,0.9996803053379631,Female
46.69803001495678,0.9276421280494336,0.9998786863566442,Male
25.118675311177025,0.43323971288953667,0.6915187197222061,Female
54.88141471468046,9.023280972895442e-6,0.9999538456611428,Male
20.554374191953762,0.10210366812027596,0.9997539422642604,Female
35.927954819124395,0.9999980670139822,0.9999928213314944,Male
39.00922478261972,0.5612044641737195,0.999537640421372,Female
27.57030572667123,0.993268722453312,0.9999807165177176,Male
45.306876663624614,0.9999979293680924,0.9999843196086264,Female
43.12190014449768,0.9999999995011954,0.38431946113502025,Female
30.753152711232794,0.9999679274174276,0.999994906447401,Female
35.9560003612442,0.2170964305722451,0.9998862016671016,Female
62.095467557735695,0.5058760310494822,0.9876971588571412,Female
49.75127988186681,0.9931566912424554,0.2639032707218323,Female
47.75276773265394,0.659425767326966,0.510866891442331,Female
22.82795260095825,0.9999860388154596,0.11632830833765308,Female
21.59873548685578,0.33159176428717363,0.22686104924977268,Female
56.853590672294466,0.9999415104834,0.655179431594798,Female
18.317918567951935,0.9999549877312756,0.8129147952822504,Female
68.62360822749511,0.999963993868153,0.1830660554892355,Female
16.282228147894642,0.2929332374672472,0.9978205011053491,Male
30.178738782416914,2.7970780005192656e-6,0.9993031161122966,Male
28.7411709382209,0.9999527855104284,0.5783374405513316,Female
20.601684792252897,0.16746752842130938,0.9276421280494336,Male
32.71978486957183,0.8197129512672462,0.43323971288953667,Male
60.051152812634676,0.5261430729562753,9.023280972895442e-6,Male
16.172426895581413,0.999999999830699,0.10210366812027596,Female
25.67592747864223,0.9999815336198432,0.9999980670139822,Female
22.873472032093694,0.9999876808829344,0.5612044641737195,Female
29.496995462265826,0.999999998350836,0.993268722453312,Male
46.77756568940604,0.9991916895540722,0.9999979293680924,Male
21.147254829264583,0.40054128689424057,0.9999999995011954,Female
34.85932814916217,0.9999950526120116,0.9999679274174276,Female
20.433833117854338,0.999982040558088,0.2170964305722451,Male
57.51642979821026,0.9999801904848256,0.5058760310494822,Female
31.438938227241614,0.9998676427934022,0.9931566912424554,Female
31.057701155981444,0.9018964939403468,0.659425767326966,Male
26.113144662458488,0.9999056507187116,0.9999860388154596,Female
16.395680818566685,0.999999999762028,0.33159176428717363,Female
20.612662021192993,0.9998267971004384,0.9999415104834,Female
18.762455604988975,0.27644888310978966,0.9999549877312756,Male
46.22950522219687,0.46889972044811634,0.999963993868153,Male
57.52672826830938,0.999977672914112,0.2929332374672472,Female
54.126812938880015,0.3226415060358858,2.7970780005192656e-6,Female
55.635421863513066,0.9531312957435611,0.9999527855104284,Male
56.013159017162266,0.674919079215794,0.16746752842130938,Female
35.892246748802194,0.9998875512522736,0.8197129512672462,Male
50.75174607701472,0.9915865898558256,0.5261430729562753,Female
19.0760635472913,0.9991926781296362,0.999999999830699,Female
59.48981503663143,0.9926025621706582,0.9999815336198432,Female
66.7344567711106,0.6237709154418194,0.9999876808829344,Male
25.076036137095343,0.289089403327652,0.999999998350836,Male
47.0489632291429,0.6872478902615675,0.9991916895540722,Female
21.34017859406292,0.9684132146021712,0.40054128689424057,Female
24.335996558673664,0.992905336969694,0.9999950526120116,Male
46.311934716201485,0.9999557311856796,0.999982040558088,Male
46.31045050954446,0.3766529307036712,0.9999801904848256,Female
18.39500424620377,0.8962548959270339,0.9998676427934022,Male
27.301579112480038,0.21980988561925063,0.9018964939403468,Female
37.43451089436459,0.9999889016170496,0.9999056507187116,Female
30.170115693208608,0.9999999998004928,0.999999999762028,Male
59.59141889750805,0.40745316460889464,0.9998267971004384,Female
38.13240176692778,0.999948943677079,0.27644888310978966,Female
32.3596733908789,0.4153664117020884,0.46889972044811634,Female
26.299902400689533,0.9998300481837964,0.999977672914112,Female
30.66618633863158,0.9996298988904632,0.3226415060358858,Male
28.270819992648363,0.5238568988729475,0.9531312957435611,Female
40.048533316855526,0.9970589182073742,0.674919079215794,Female
58.08017919613659,0.3554925895715116,0.9998875512522736,Male
52.47231443455776,0.9999057453295545,0.9915865898558256,Male
23.15941133039268,0.1997145192816241,0.9991926781296362,Female
42.356151386670724,0.5354659453005628,0.9926025621706582,Female
38.641750386594666,0.9998753635333456,0.6237709154418194,Female
23.153394459654727,0.9957763015690856,0.289089403327652,Female
25.297476519126928,0.9999790812893924,0.6872478902615675,Female
46.26071139757143,0.34956432010926486,0.9684132146021712,Female
46.36455215225492,0.9999987121863444,0.992905336969694,Female
17.468745753796235,0.9998564622176028,0.9999557311856796,Female
28.85788884452557,0.9999447747238552,0.3766529307036712,Female
50.797050314345825,0.999999999463982,0.8962548959270339,Female
18.3443730511826,0.22786709466088695,0.21980988561925063,Female
25.417328725885366,0.6922868186808859,0.9999889016170496,Male
22.7648512561158,0.3323383675475896,0.9999999998004928,Female
30.714797576495044,0.44693098652605934,0.40745316460889464,Female
18.943408434101453,0.6711789277908011,0.999948943677079,Female
25.516385308134968,0.9999806121376827,0.4153664117020884,Female
29.38477745455928,0.8654391724786894,0.9998300481837964,Female
30.261222621492127,0.2673384936102744,0.9996298988904632,Male
35.39678318376556,0.9993321126264818,0.5238568988729475,Female
49.92306395289883,0.99915664066306,0.9970589182073742,Male
37.02308515222958,0.9999568808908358,0.3554925895715116,Female
32.13282325018379,0.6033701035762008,0.9999057453295545,Female
17.15964208304814,0.9999930958726048,0.1997145192816241,Female
36.626383438537786,0.999938746397506,0.5354659453005628,Female
50.145860078079444,0.4421305703388563,0.9998753635333456,Male
20.766997331863006,0.8838427258937798,0.9957763015690856,Female
18.972118919055948,0.9999278491674746,0.9999790812893924,Female
19.47867638857201,0.31611182397788207,0.34956432010926486,Female
53.11491238243719,0.6809607642083048,0.9999987121863444,Female
17.80533034831546,0.9999999989084436,0.9998564622176028,Female
20.168462208786472,0.3225828640270336,0.9999447747238552,Female
21.00594645980683,0.9999999997428166,0.999999999463982,Female
21.5267217088752,0.9999201628590936,0.22786709466088695,Female
28.633696288691155,0.9998240950376648,0.6922868186808859,Female
49.00589604405912,0.8939372731912036,0.3323383675475896,Male
24.474233401779607,0.6802664148420178,0.44693098652605934,Male
40.90868820822876,0.9998788662716872,0.6711789277908011,Female
50.506333846680356,0.4029939333710309,0.9999806121376827,Male
39.479133267422114,0.9999962854112412,0.8654391724786894,Female
32.6897334714934,0.3541727931382427,0.2673384936102744,Female
54.69371584024133,0.9993457271400834,0.9993321126264818,Male
45.60829673359191,0.9999893020926608,0.99915664066306,Male
39.59373475802976,0.6073989260619402,0.9999568808908358,Female
16.773161710649735,0.9364350475985082,0.6033701035762008,Female
23.96653367176211,0.23023083674414996,0.9999930958726048,Female
17.70994128197328,0.9999822838984718,0.999938746397506,Male
28.043754816589345,0.7395672703891136,0.4421305703388563,Male
20.926814079651177,0.7469895781134009,0.8838427258937798,Male
41.73389947271022,0.999996150919402,0.9999278491674746,Male
35.27561813952899,0.9999867048564276,0.31611182397788207,Female
52.40199977184577,0.999999987119338,0.6809607642083048,Female
40.91085228280984,0.8918616732982323,0.9999999989084436,Male
67.62944374730651,0.9733448086053976,0.3225828640270336,Female
22.107437701219357,0.7008326531113191,0.9999999997428166,Female
35.14401193373387,0.8995899693310421,0.9999201628590936,Female
34.86345270236013,0.4084458015868178,0.9998240950376648,Female
18.833296416711033,0.999973584343872,0.8939372731912036,Male
22.80095891322534,0.5474409030005426,0.6802664148420178,Female
36.843906729282324,0.9998977273497364,0.9998788662716872,Female
20.988748954293104,0.4339532242579862,0.4029939333710309,Male
35.82667005729206,0.4483812808567578,0.9999962854112412,Male
35.01371235455168,0.39526287606950994,0.3541727931382427,Male
56.302510488757065,0.9999603598559452,0.9993457271400834,Female
26.865659650924027,0.3188935841522512,0.9999893020926608,Male
71.86681186148503,1.5327344156729127e-4,0.6073989260619402,Male
23.383188930717168,0.9999810182761968,0.9364350475985082,Female
16.80609796055467,0.5421289392907422,0.23023083674414996,Female
43.40247303343727,0.6545337005235735,0.9999822838984718,Male
39.24594259386012,0.8540795977848261,0.7395672703891136,Female
16.870418599640026,0.753316962445748,0.7469895781134009,Female
42.647025946206305,0.9999190658657248,0.999996150919402,Female
68.23177221968717,0.667986444233283,0.9999867048564276,Female
49.88258448044211,0.21391455930738237,0.999999987119338,Male
29.584105603721447,0.1754994313958304,0.8918616732982323,Male
48.49478604203108,0.9999919648601584,0.9733448086053976,Female
55.49763372373057,0.738008346170489,0.7008326531113191,Male
55.74331346490228,0.9999999921087794,0.8995899693310421,Female
18.09588850229422,0.999814046479262,0.4084458015868178,Female
37.92362606788856,0.999969966417518,0.999973584343872,Female
22.11615709052653,0.4490689203195522,0.5474409030005426,Male
42.97719725200902,0.9677037313572652,0.9824119010418804,Female
37.42009924709103,0.33651720267510266,0.9998977273497364,Male
31.48906368038127,0.9999722832610952,0.4339532242579862,Male
42.22745411564884,0.9989104606060758,0.4483812808567578,Female
48.02178194793013,0.20975575115029976,0.39526287606950994,Female
24.11948297715923,0.21140809276507877,0.9999603598559452,Female
27.629427966638783,0.1468001767718009,0.3188935841522512,Female
44.14504195502827,0.8810607950589159,1.5327344156729127e-4,Female
35.982335919081294,0.9999609071049798,0.9999810182761968,Female
38.189346781757806,0.7582904346067838,0.5421289392907422,Male
66.7696679405278,0.9999434993811808,0.6545337005235735,Male
20.900192156564504,0.8146244324196852,0.8540795977848261,Male
46.74129163814739,0.9999145780176248,0.753316962445748,Female
48.05845995893224,0.6728566196940785,0.9999190658657248,Female
46.95257497401577,0.666905256154439,0.667986444233283,Male
34.409120402058456,0.317795279852365,0.21391455930738237,Male
21.63085437422364,0.9013211539473974,0.1754994313958304,Female
27.326386448906128,0.9999368507386548,0.9999919648601584,Female
50.40359539381955,0.9999725872339488,0.738008346170489,Male
19.495297582832663,0.9996990933521251,0.9999999921087794,Female
33.4243969756889,0.9999761391857982,0.999814046479262,Female
43.172300301670596,0.24105460958337321,0.999969966417518,Female
21.527699793393666,0.9999892330587228,0.4490689203195522,Female
42.41772409815702,3.920182337338942e-4,0.9677037313572652,Male
31.89262085836692,0.9999999998567386,0.33651720267510266,Female
19.20341359925977,0.9874816470089398,0.9999722832610952,Male
53.38531038482014,0.6676220450094668,0.9989104606060758,Female
54.94183901817628,0.7521414759980231,0.20975575115029976,Female
28.554845900828962,0.7816886314467851,0.26795375824054257,Female
38.70117451897483,0.4365736086403108,0.21140809276507877,Female
38.38143993839836,0.9993235391375276,0.1468001767718009,Female
51.06347459882881,0.0087268847765711,0.8810607950589159,Female
64.49949742692726,0.9981491023552198,0.9999609071049798,Female
29.20894241006921,0.2569530710917594,0.7582904346067838,Female
35.86486602276472,0.5309249411780972,0.9999434993811808,Female
52.500252585747965,0.9999638064780422,0.8146244324196852,Male
58.53065889040992,0.9999999985792998,0.9999145780176248,Male
49.25214629756382,0.3238638451020772,0.6728566196940785,Female
46.58978436256243,0.096841477825453,0.666905256154439,Male
38.95737762060486,0.999976476581515,0.317795279852365,Male
19.6240136765787,0.4670357980469897,0.9013211539473974,Female
18.94882665348442,0.9918480044706786,0.9999368507386548,Female
52.00745326007048,0.5769892087508036,0.9999725872339488,Female
62.97589113240551,6.5940044010635775e-6,0.9996990933521251,Male
53.779445553527516,0.9990183842845676,0.9999761391857982,Female
31.833675881562602,0.7298745809173846,0.24105460958337321,Male
21.897114704540268,0.9999893855293284,0.9999892330587228,Female
33.93658608385935,0.5574520210378615,3.920182337338942e-4,Female
56.87232333891044,0.38814809009589246,0.9999999998567386,Female
24.401604336197938,0.810575496439851,0.9874816470089398,Female
23.829433860623112,0.5181035988666388,0.6676220450094668,Male
50.21093555910462,0.8137175807792447,0.7521414759980231,Female
32.71707626688975,0.99693587042578,0.7816886314467851,Female
31.943389991634348,0.8324684188587934,0.4365736086403108,Female
39.53644355084037,0.23301635979695465,0.9993235391375276,Male
20.42456872512485,0.8504461444529526,0.0087268847765711,Female
57.36588951631303,0.998678873268426,0.9981491023552198,Male
21.00083051309352,0.9999999992272972,0.2569530710917594,Female
32.94382110806905,0.848984618233753,0.5309249411780972,Female
25.35775293431693,0.9999703280580854,0.9999638064780422,Male
56.87290614622152,0.9999940337435737,0.9999999985792998,Female
38.13361339265344,0.7587828493718045,0.3238638451020772,Female
21.521460282150734,0.34864128224509433,0.096841477825453,Female
46.194643572388266,0.6649169983708523,0.999976476581515,Male
69.91346493396202,0.4054222366295448,0.4670357980469897,Female
41.260500545035114,0.24154761246566817,0.9918480044706786,Male
18.916200281390218,0.9993956947105824,0.5769892087508036,Female
18.081292683854286,0.99980052239395,6.5940044010635775e-6,Female
33.32634750424621,0.999706340620426,0.9990183842845676,Male
25.494321304535198,0.9997803049151824,0.7298745809173846,Male
42.60866545618171,0.9999910413795972,0.9999893855293284,Female
18.643446808375796,0.973510142718961,0.5574520210378615,Male
25.235983534869572,0.4004891903997496,0.38814809009589246,Female
20.101162477501457,0.9884688878900232,0.810575496439851,Female
19.950933657819352,0.999750779755858,0.5181035988666388,Female
47.341296486424824,0.5143078531304295,0.8137175807792447,Female
51.213435844297415,0.9998227134293064,0.99693587042578,Female
44.48836489466879,0.9999557185833864,0.8324684188587934,Male
21.045639624052527,0.1904941383619611,0.23301635979695465,Female
52.303877512865355,0.7891005873756383,0.8504461444529526,Female
45.93206032778158,0.4297841234248299,0.9999343001012432,Female
36.56512146044059,0.9999258712556982,0.998678873268426,Female
42.37890777498923,0.9999999999646382,0.9999999992272972,Female
48.04745462265826,0.4516622297640217,0.848984618233753,Female
35.00669417192689,0.7832221247976641,0.9999703280580854,Female
16.89940740106979,0.6572484956676429,0.9999940337435737,Female
19.282456048622205,0.8702476977563228,0.7587828493718045,Female
33.67483132430856,0.9977129775208992,0.34864128224509433,Female
49.0677041346617,0.42525570652101535,0.6649169983708523,Female
42.11749432783228,0.7871192230691241,0.4054222366295448,Male
51.89367360002028,0.7006947562465822,0.24154761246566817,Female
28.65040975866352,0.2848124189960079,0.9993956947105824,Female
39.837006869977436,0.6706788416978018,0.99980052239395,Male
53.89398528405202,0.38442987755206487,0.999706340620426,Male
27.684229314016275,0.7477516701481077,0.9997803049151824,Female
35.21832677389916,0.9227063167641644,0.9998342334092084,Female
21.58695423606358,0.8416554636388877,0.9999910413795972,Female
36.45389009303622,0.02240678903936913,0.973510142718961,Female
36.087189425051335,0.995265996126913,0.4004891903997496,Female
33.67442882221715,0.42689275406245264,0.9884688878900232,Female
34.19136854513651,0.999999999938014,0.999750779755858,Male
21.47137570664436,0.6979470700336835,0.5143078531304295,Male
21.853889205769764,0.20249580331083733,0.9998227134293064,Female
17.89478762643547,0.9999745060853922,0.9999557185833864,Female
40.82458355514995,0.9995016957411762,0.1904941383619611,Female
43.60909372068852,0.8665225913175293,0.7891005873756383,Female
18.61427301188937,0.9997467420632716,0.4297841234248299,Male
49.47171445230309,0.8316851406935498,0.9999258712556982,Male
42.45214873754658,0.7232865265625118,0.9999999999646382,Male
25.33699226176896,0.2815406950318189,0.4516622297640217,Female
49.27950978528152,0.5862414555008795,0.7832221247976641,Female
23.316864273582272,0.25187411488815864,0.6572484956676429,Male
44.117640283164754,0.8164004470277219,0.8702476977563228,Female
17.444200160975484,0.8321829104997911,0.9977129775208992,Female
45.31373352219434,0.9999521438161572,0.42525570652101535,Male
68.45325395467336,0.999766294332766,0.7871192230691241,Male
47.11682561411514,0.2799873176089457,0.7006947562465822,Male
29.354161279691738,0.999676828899021,0.2848124189960079,Male
45.88507678023677,0.999999999955984,0.6706788416978018,Female
48.617914670317134,0.32254081010903435,0.38442987755206487,Male
23.12949194488808,0.999994518791672,0.7477516701481077,Male
36.28554135929222,0.4286427517738304,0.9227063167641644,Female
31.498406120871042,0.2803930182203252,0.8416554636388877,Male
51.170590602580674,0.9998832181024327,0.02240678903936913,Male
17.895889104367885,0.7385782018725349,0.995265996126913,Female
22.4714403503435,0.9999999976972408,0.42689275406245264,Female
38.62677643420285,0.9996395669687818,0.999999999938014,Male
15.353965447309047,0.9566581087533202,0.6979470700336835,Male
52.226046847669025,0.999999941565072,0.20249580331083733,Female
19.735870947093566,0.99989721821432,0.9999745060853922,Male
21.39913022536568,0.590633905254664,0.9995016957411762,Female
16.426161653611175,0.9999079944935044,0.8665225913175293,Male
47.74285585722615,0.9987732837366228,0.9997467420632716,Female
22.162754803914112,0.999999999999584,0.8316851406935498,Male
33.50451067254798,0.9999905758067568,0.7232865265625118,Female
50.328712671432555,0.08521916228354717,0.2815406950318189,Male
50.69668647172155,0.9152920332973824,0.5862414555008795,Male
51.35963951631303,0.02938724406974738,0.25187411488815864,Female
19.686201707354172,0.620455709775299,0.8164004470277219,Female
56.56396700002535,0.7130880793368994,0.8321829104997911,Male
19.095890625396102,0.00816798304436988,0.9999521438161572,Female
67.69506534083708,0.9999882437072776,0.999766294332766,Male
21.108007009405025,0.66689522169412,0.2799873176089457,Female
19.220432225517783,0.9996395030203876,0.999676828899021,Female
19.99608211651076,0.9999966830526952,0.999999999955984,Female
56.56692527315132,0.3833690578217141,0.32254081010903435,Female
47.04962544680203,0.6796117808196895,0.999994518791672,Female
50.841908763657564,0.9999412921463622,0.4286427517738304,Male
45.73944812026263,0.5170358493696389,0.2803930182203252,Female
32.85561382994905,0.6203425411983965,0.9998832181024327,Female
48.37866586812685,0.7012805277334246,0.7385782018725349,Female
19.944101325829596,0.9983693396054354,0.9999999976972408,Female
50.550300593201,0.3608335611930421,0.9996395669687818,Male
46.503794775268084,0.9970713031920904,0.9566581087533202,Male
65.84360936826629,0.9974798960809856,0.999999941565072,Female
20.54615446041524,0.966416034462539,0.99989721821432,Male
19.928814770451492,0.999950386811016,0.590633905254664,Female
18.436821811544604,0.9999826083629076,0.9999079944935044,Female
58.13141088042183,0.528165899040485,0.9987732837366228,Male
53.65638445255659,0.601356602396284,0.999999999999584,Male
50.35597703881157,0.999709229316526,0.9999905758067568,Female
38.66831073972672,0.9999948396587583,0.08521916228354717,Female
17.567412097244404,0.8721464310138977,0.9152920332973824,Female
27.60249879585266,0.9995513347008732,0.02938724406974738,Female
44.941013638552995,0.7139100790890044,0.620455709775299,Male
52.08083105179101,0.9996194876543356,0.7130880793368994,Female
23.95751625598905,0.999832625255232,0.00816798304436988,Female
20.41102279641037,0.9997584397283684,0.9999882437072776,Female
46.83855004816589,0.9997080766055688,0.66689522169412,Female
20.281718033057015,0.9986327222245884,0.9996395030203876,Female
57.47233788374274,0.5069687397086389,0.9999966830526952,Male
22.59144646614445,0.18625192546191016,0.3833690578217141,Female
24.261554364083455,0.999923950733361,0.6796117808196895,Female
41.54595983217989,0.582586821170767,0.9999412921463622,Male
54.69942235784723,0.8390967208158657,0.5170358493696389,Female
37.52324536720156,0.9999949771027046,0.6203425411983965,Female
46.1117120756965,0.9999432264502812,0.7012805277334246,Female
53.58469433670495,0.9999960965324556,0.9983693396054354,Female
38.91141968971024,0.9978338966791214,0.3608335611930421,Female
53.953808052576875,9.48724202227421e-7,0.9970713031920904,Female
20.6119791429006,0.999822282940852,0.9974798960809856,Male
20.563736437498417,0.9999819368959502,0.966416034462539,Male
58.796266572869925,1.401638676161558e-7,0.999950386811016,Female
30.82166067761807,0.5230400813064355,0.9999826083629076,Female
42.648113671508604,0.99999000001371,0.528165899040485,Female
24.54174851699749,0.5205134355889784,0.601356602396284,Female
46.51576092605268,0.7982085857947985,0.999709229316526,Male
55.027235277714404,0.999999999325304,0.9999948396587583,Female
25.975771066240778,0.9997857716067116,0.8721464310138977,Male
36.86532334524806,0.9999896581936462,0.9995513347008732,Female
26.452256698861763,0.9999787797920692,0.7139100790890044,Male
19.890983756686186,0.9827883841506696,0.9996194876543356,Male
24.517211416584278,0.15814389709051152,0.999832625255232,Female
36.0666814016275,0.8689647599000093,0.3453734768437897,Female
43.265681737521234,0.9861447625819882,0.9997584397283684,Male
16.09942074175476,0.7449272851503113,0.9997080766055688,Female
35.64707911881765,0.9999957395442404,0.9986327222245884,Female
18.397970219535072,0.9969713760748912,0.5069687397086389,Male
58.55283247141735,0.740281599102836,0.18625192546191016,Male
48.08443322686136,0.9909485471450532,0.999923950733361,Female
48.14625880928841,0.49514287376225485,0.582586821170767,Female
54.77510580652521,0.9998763956150276,0.8390967208158657,Male
21.48537848252085,0.15429654436393536,0.9999949771027046,Female
39.40772637969934,0.4195952864527054,0.9999432264502812,Female
32.24270061728395,0.8133383653769257,0.9999960965324556,Male
73.66120668238396,0.9999999748974582,0.9978338966791214,Male
18.673984460161737,0.46433433302190485,9.48724202227421e-7,Male
31.69725406875048,0.8832570911516144,0.999822282940852,Female
32.80350083656552,0.9351045815656712,0.9999819368959502,Female
33.95313975080488,0.7837790162889136,1.401638676161558e-7,Female
44.3304948411793,0.542174524661388,0.5230400813064355,Female
45.38623783177428,0.3873857872665192,0.99999000001371,Female
33.45543802443785,0.8564984428606421,0.5205134355889784,Male
38.86576273227368,0.7241404356826061,0.7982085857947985,Female
30.90534381575278,0.9997808837917536,0.999999999325304,Male
43.61141379572591,0.999986013790956,0.9997857716067116,Female
36.15785306867443,0.9998403022997264,0.9999896581936462,Male
58.36266680609425,0.25939649572802703,0.9999787797920692,Male
21.091701586939436,0.5882756358906369,0.9827883841506696,Female
31.930507041093115,0.2290537459375594,0.15814389709051152,Female
51.623534869571834,0.9999535275252838,0.8689647599000093,Male
47.46192074175476,0.7042519060926381,0.9861447625819882,Female
42.884311512916064,0.7896531696750914,0.7449272851503113,Female
23.401844975536793,0.9985997445098064,0.9999957395442404,Female
50.82969709356859,0.6232308205831105,0.9969713760748912,Female
38.95028303800036,0.8102231582181824,0.740281599102836,Female
62.97443037493345,0.26456175113738434,0.9909485471450532,Female
19.72560318275154,0.9047148955743376,0.49514287376225485,Female
48.08072309047583,0.0530564951912249,0.9998763956150276,Male
46.9588233262352,0.999930202912978,0.15429654436393536,Female
20.492574752199154,0.999999999978416,0.4195952864527054,Male
50.4182382373818,0.39931707420518026,0.8133383653769257,Male
25.931737204350142,0.0213495035637943,0.9999999748974582,Male
51.66176661089563,0.7945625786936243,0.46433433302190485,Female
20.580405290643142,0.9999682793201998,0.8832570911516144,Female
21.120684589449134,0.9991158142341716,0.9351045815656712,Female
37.57361145968007,0.999975982221716,0.7837790162889136,Female
74.92282226785306,0.99999998604817,0.542174524661388,Male
16.77619362689178,0.31500746052271467,0.3873857872665192,Male
23.639369502116764,0.8644008344913018,0.8564984428606421,Female
56.72831207062641,0.638228114543837,0.7241404356826061,Female
47.02115918194032,0.15842848496984585,0.9997808837917536,Male
19.691760558470857,0.15092347910939924,0.999986013790956,Male
35.85802459629377,0.9994299600722026,0.9998403022997264,Female
16.784161596572616,0.9998035485609498,0.25939649572802703,Female
60.13552713134078,0.7989070062394863,0.5882756358906369,Male
50.78883679367252,0.99536746092364,0.2290537459375594,Female
62.671864748903594,0.9999978033235202,0.9999535275252838,Male
20.051742686389332,0.4783710900423348,0.7042519060926381,Male
39.81809792252896,0.16278686078082244,0.7896531696750914,Male
29.182547658884072,0.9209056114359424,0.9985997445098064,Female
39.36598800288995,0.896350005885497,0.6232308205831105,Female
53.75949169138338,0.985798344158344,0.8102231582181824,Male
45.12689548634877,0.8616621656228894,0.26456175113738434,Male
49.76328212538343,0.7104196857907867,0.9047148955743376,Male
46.25251156615205,0.9999999812159378,0.0530564951912249,Male
27.178253130783077,0.09816461855123287,0.999930202912978,Male
28.43022919993916,0.9930424395825742,0.999999999978416,Male
47.811693855046016,0.947586602627249,0.39931707420518026,Female
43.51164961847542,0.99997585169956,0.0213495035637943,Female
22.031337237305753,0.1433000710659921,0.7945625786936243,Female
33.29114666514564,0.9999778356353496,0.9999682793201998,Female
18.11272951682004,0.9969041913118268,0.9991158142341716,Female
56.54365236900145,0.7902365016733429,0.999975982221716,Female
31.345268841737013,0.9990254093128278,0.99999998604817,Female
49.265544274596294,0.5292763909354785,0.31500746052271467,Male
44.44761220751895,0.5870357283168426,0.8644008344913018,Male
38.21361095267067,0.9754614765906142,0.638228114543837,Female
29.29966036707481,0.965504113045228,0.15842848496984585,Female
46.865414385124346,0.6031274264657237,0.15092347910939924,Female
20.758536929297538,0.5133506035912818,0.9994299600722026,Male
46.5412042424012,0.784656862495717,0.9998035485609498,Male
50.27259487413492,0.9999370058688686,0.7989070062394863,Male
46.60523157654574,0.9999999908468128,0.99536746092364,Female
31.0366374502497,0.9999914696087092,0.9999978033235202,Female
36.32236301239638,0.9999938641816838,0.4783710900423348,Female
56.51139525819454,0.19769788820874373,0.16278686078082244,Male
53.12718638299491,0.9999667668184544,0.9209056114359424,Female
37.93272476360686,0.9990696204467896,0.896350005885497,Female
63.72256049255964,0.15572260665510398,0.985798344158344,Female
58.61106934621138,0.9999861983359322,0.8616621656228894,Female
69.85838881917509,0.99971217567777,0.7104196857907867,Male
20.50631290085431,0.6691057853123292,0.9999999812159378,Male
54.640860490024586,0.966921742201068,0.09816461855123287,Male
16.61053460972951,0.5936556790431158,0.9930424395825742,Female
27.407346312774102,0.47323481422131464,0.947586602627249,Female
31.29083349177377,0.9261167020598244,0.99997585169956,Female
27.77776716226836,0.102033929788231,0.1433000710659921,Female
50.85762345679012,0.9997834753960142,0.9999778356353496,Female
65.937454305777365,0.39835252579715374,0.9969041913118268,Female
31.116525369483107,0.5621188081085757,0.7902365016733429,Male
54.40210107866251,0.2754154379878424,0.9990254093128278,Male
17.143378837427434,0.9990887986190394,0.5292763909354785,Female
65.67649190686237,0.6702441474995883,0.5870357283168426,Male
19.473431439653208,0.9999934815464198,0.9754614765906142,Male
37.4315737571932,0.6822105549426487,0.965504113045228,Female
15.035502066063325,0.9998840771821916,0.6031274264657237,Male
61.25683787740512,0.1083716856154736,0.5133506035912818,Female
33.78060742895531,0.9948248172055344,0.784656862495717,Male
18.791098340811722,0.9999793274581138,0.9999370058688686,Female
21.771143844905822,0.4446478824923221,0.9999999908468128,Male
53.777724066468934,0.9999984671346778,0.9999914696087092,Male
27.43973895353259,0.9131284138065148,0.9999938641816838,Female
32.337837953456535,0.9999986869794842,0.19769788820874373,Male
22.131039147463685,0.9887341013659404,0.9999667668184544,Female
47.018762073161454,0.9999999999253358,0.9990696204467896,Female
37.782817768144604,0.4996617826922355,0.15572260665510398,Female
43.53578557938499,0.7059540785280277,0.9999861983359322,Male
19.45512538976348,0.8290853545795284,0.99971217567777,Female
34.53145882449869,0.85398783736393,0.6691057853123292,Male
46.542973071462974,0.9999698383389752,0.966921742201068,Male
41.88213210130048,0.996823910524256,0.5936556790431158,Male
17.899442701599614,0.998431045393594,0.47323481422131464,Female
21.650070632747738,0.9999470422976512,0.9261167020598244,Male
27.768573972672193,0.07479418349653241,0.102033929788231,Female
40.13080126498846,0.9999371026278764,0.9997834753960142,Female
36.26368725758613,0.9813788676933448,0.9999366619589632,Female
42.30501698481507,0.999989278073934,0.39835252579715374,Male
20.507275046264606,0.6225555930698128,0.5621188081085757,Male
34.61526063452227,0.5238533571169307,0.2754154379878424,Male
58.34984548888382,0.4756147772207913,0.9990887986190394,Female
17.490728952772074,0.5630930802792314,0.6702441474995883,Female
20.902077629477528,0.999999999805125,0.9999934815464198,Female
61.663983002509696,2.8400170966047604e-6,0.6822105549426487,Male
20.579245284812533,0.6738702999963104,0.9998840771821916,Male
31.23053201130631,0.9997795641485044,0.1083716856154736,Female
51.17246647400309,0.9899110858783337,0.9948248172055344,Female
20.265081343321416,0.28967356908588593,0.9999793274581138,Male
30.04186373488478,0.9551580039371468,0.4446478824923221,Female
42.90236954014247,0.9963401693171646,0.9999984671346778,Male
21.170610502699823,0.7957493710583494,0.9131284138065148,Female
21.023807704007908,0.8643684557116064,0.9999986869794842,Female
19.43606196288691,0.8162520712855851,0.9887341013659404,Female
17.966345888153725,0.9970387225973358,0.9999999999253358,Female
52.39043390498644,0.8740124742133694,0.4996617826922355,Male
22.028597738738053,0.541352755767871,0.7059540785280277,Female
45.49358962658757,0.5657290444961809,0.8290853545795284,Male
50.18561205541613,0.6585838049606083,0.85398783736393,Female
39.18419480568865,0.997893544692276,0.9999698383389752,Female
27.068227051486804,0.697725390410785,0.996823910524256,Female
18.702035040687505,0.9999989042984162,0.998431045393594,Female
53.63963286181459,0.6464013119252253,0.9999470422976512,Female
50.38912632773088,0.9932651147374152,0.07479418349653241,Female
53.42883641341547,0.5541220414724566,0.9999371026278764,Female
18.062637906558166,0.3809236349071677,0.9813788676933448,Female
47.58648059421502,0.31151922399467147,0.999989278073934,Female
54.29655857859913,0.5320217476582317,0.6225555930698128,Male
23.213837617562803,0.455679802399221,0.5238533571169307,Male
31.078114590463155,0.9999768093687408,0.4756147772207913,Female
43.392324859938654,0.9999989098382088,0.5630930802792314,Male
42.59386109843587,0.38770573720782975,0.999999999805125,Female
20.59073484675641,0.09062794411821158,2.8400170966047604e-6,Female
20.760049940426395,0.9999999996461898,0.6738702999963104,Male
55.00543472887672,0.6866760657186151,0.9997795641485044,Female
22.937720644155448,0.9999974828328202,0.9899110858783337,Female
NA,NA,0.28967356908588593,Female
NA,NA,0.9551580039371468,Female
NA,NA,0.9963401693171646,Female
NA,NA,0.7957493710583494,Female
NA,NA,0.8643684557116064,Female
NA,NA,0.8162520712855851,Female
NA,NA,0.9970387225973358,Female
NA,NA,0.8740124742133694,Female
NA,NA,0.541352755767871,Male
NA,NA,0.5657290444961809,Male
NA,NA,0.6585838049606083,Female
NA,NA,0.997893544692276,Male
NA,NA,0.9097090794028748,Female
NA,NA,0.697725390410785,Male
NA,NA,0.9999989042984162,Female
NA,NA,0.6464013119252253,Female
NA,NA,0.9932651147374152,Male
NA,NA,0.5541220414724566,Female
NA,NA,0.3809236349071677,Male
NA,NA,0.31151922399467147,Male
NA,NA,0.5320217476582317,Female
NA,NA,0.455679802399221,Female
NA,NA,0.9999768093687408,Female
NA,NA,0.9999989098382088,Male
NA,NA,0.38770573720782975,Male
NA,NA,0.09062794411821158,Male
NA,NA,0.9999999996461898,Female
NA,NA,0.6866760657186151,Female
NA,NA,0.9999974828328202,Female
NA,NA,0.2630520392785945,Male
